Q-avg,Q-std,Q_loss,alpha,policy/shifts-mean,policy/shifts-std,policy/log_scale_diags-mean,policy/log_scale_diags-std,policy/-log-pis-mean,policy/-log-pis-std,policy/raw-actions-mean,policy/raw-actions-std,policy/actions-mean,policy/actions-std,evaluation/env_infos/reward_ctrl-first-mean,evaluation/env_infos/reward_ctrl-last-mean,evaluation/env_infos/reward_ctrl-mean-mean,evaluation/env_infos/reward_ctrl-median-mean,evaluation/env_infos/reward_ctrl-range-mean,evaluation/env_infos/reward_run-first-mean,evaluation/env_infos/reward_run-last-mean,evaluation/env_infos/reward_run-mean-mean,evaluation/env_infos/reward_run-median-mean,evaluation/env_infos/reward_run-range-mean,evaluation/episode-length-avg,evaluation/episode-length-max,evaluation/episode-length-min,evaluation/episode-length-std,evaluation/return-average,evaluation/return-max,evaluation/return-min,evaluation/return-std,times/epoch_after_hook,times/epoch_before_hook,times/epoch_rollout_model,times/evaluation_metrics,times/evaluation_paths,times/timestep_after_hook,times/timestep_before_hook,times/train,sampler/episodes,sampler/last-path-return,sampler/max-path-return,sampler/pool-size,sampler/total-samples,model/mean_rollout_length,model/val_loss,epoch,timestep,timesteps_total,train-steps,done,episodes_total,training_iteration,experiment_id,date,timestamp,time_this_iter_s,time_total_s,pid,hostname,node_ip,config,time_since_restore,timesteps_since_restore,iterations_since_restore
44.82307434082031,9.396842002868652,4.060780048370361,0.7405766844749451,-0.028352933004498482,0.47121715545654297,-0.20003537833690643,0.12911736965179443,3.132150411605835,1.3034906387329102,-0.004369295202195644,0.9471742510795593,-0.00531633198261261,0.6221844553947449,-0.00046910071512684226,-0.00038280741544440396,-0.0004044451589346864,-0.0003832542663440109,0.009402064292225988,-0.0321872242982279,3.3867846208183745e-05,-0.0007619729071272326,1.8046484184005142e-06,0.38379813479243674,1000.0,1000,1000,0.0,-1.1664180755615234,-0.12762290239334106,-2.1338610649108887,0.5654272437095642,1.3269891496747732e-06,4.0740007534623146e-05,14.516337743989425,0.0037008050130680203,11.517237438994925,0.0017564217851031572,0.003481409134110436,14.133367452508537,0,0,-inf,101000,0,5.0,0.19982299208641052,0,1000,1000,1000,False,,1,49ff5728868845ada23a8637424276f6,2022-05-18_18-27-45,1652894865,3801.1137688159943,3801.1137688159943,99492,cpu-q-269,10.43.77.45,"{'environment_params': {'training': {'domain': 'HalfCheetah', 'task': 'v2', 'universe': 'gym', 'kwargs': {}}, 'evaluation': {'domain': 'HalfCheetah', 'task': 'v2', 'universe': 'gym', 'kwargs': {}}}, 'policy_params': {'type': 'GaussianPolicy', 'kwargs': {'hidden_layer_sizes': (256, 256), 'squash': True}}, 'Q_params': {'type': 'double_feedforward_Q_function', 'kwargs': {'hidden_layer_sizes': (256, 256)}}, 'algorithm_params': OrderedDict([('type', 'MOPO'), ('universe', 'gym'), ('log_dir', './ray_mopo/'), ('kwargs', OrderedDict([('epoch_length', 1000), ('train_every_n_steps', 1), ('n_train_repeat', 1), ('eval_render_mode', None), ('eval_n_episodes', 10), ('eval_deterministic', True), ('discount', 0.99), ('tau', 0.005), ('reward_scale', 1.0), ('model_train_freq', 1000), ('model_retain_epochs', 5), ('rollout_batch_size', 50000.0), ('deterministic', False), ('num_networks', 7), ('num_elites', 5), ('real_ratio', 0.05), ('target_entropy', -3), ('max_model_t', None), ('separate_mean_var', True), ('penalty_learned_var', True), ('pool_load_path', '/home/ajc348/rds/hpc-work/mopo/rollouts/softlearning/HalfCheetah/v2/2022-05-17T18-38-36-half_cheetah_v2_3M/id=31acc_00000-seed=9479/paper_rep/combined_transitions.npy'), ('pool_load_max_size', 101000), ('rollout_length', 5), ('penalty_coeff', 1.0), ('n_epochs', 500), ('n_initial_exploration_steps', 5000), ('reparameterize', True), ('lr', 0.0003), ('target_update_interval', 1), ('store_extra_policy_info', False), ('action_prior', 'uniform')])), ('domain', 'HalfCheetah'), ('task', 'v2'), ('exp_name', 'halfcheetah_mixed_capabilities')]), 'replay_pool_params': {'type': 'SimpleReplayPool', 'kwargs': {'max_size': 1000000}}, 'sampler_params': {'type': 'SimpleSampler', 'kwargs': {'max_path_length': 1000, 'min_pool_size': 1000, 'batch_size': 256}}, 'run_params': {'seed': 1443, 'checkpoint_at_end': True, 'checkpoint_frequency': 10, 'checkpoint_replay_pool': False}, 'restore': None}",3801.1137688159943,0,1
76.78913116455078,17.275094985961914,5.125052452087402,0.5639416575431824,-0.09995583444833755,0.7343134880065918,-0.3006390631198883,0.13349659740924835,1.8406457901000977,1.9472233057022095,-0.08503680676221848,1.056323528289795,-0.05487838387489319,0.658433198928833,-0.0019349300861358644,-0.0020505442284047604,-0.002127184964437038,-0.0020730832777917387,0.01458763238042593,-0.08974032653449052,-2.4357530132485677e-05,-0.0007358865708315742,-8.487494618675435e-05,0.45511594721391,1000.0,1000,1000,0.0,-2.8630714416503906,-2.1624629497528076,-3.8344039916992188,0.45884397625923157,1.2310047168284655e-06,3.72780195903033e-05,14.256185292993905,0.00428970399661921,11.370928287011338,0.001847151928814128,0.0034361050638835877,13.678690116095822,0,0,-inf,101000,0,5.0,0.19982299208641052,1,1000,2000,2000,False,,2,49ff5728868845ada23a8637424276f6,2022-05-18_18-28-24,1652894904,39.3354549407959,3840.44922375679,99492,cpu-q-269,10.43.77.45,"{'environment_params': {'training': {'domain': 'HalfCheetah', 'task': 'v2', 'universe': 'gym', 'kwargs': {}}, 'evaluation': {'domain': 'HalfCheetah', 'task': 'v2', 'universe': 'gym', 'kwargs': {}}}, 'policy_params': {'type': 'GaussianPolicy', 'kwargs': {'hidden_layer_sizes': (256, 256), 'squash': True}}, 'Q_params': {'type': 'double_feedforward_Q_function', 'kwargs': {'hidden_layer_sizes': (256, 256)}}, 'algorithm_params': OrderedDict([('type', 'MOPO'), ('universe', 'gym'), ('log_dir', './ray_mopo/'), ('kwargs', OrderedDict([('epoch_length', 1000), ('train_every_n_steps', 1), ('n_train_repeat', 1), ('eval_render_mode', None), ('eval_n_episodes', 10), ('eval_deterministic', True), ('discount', 0.99), ('tau', 0.005), ('reward_scale', 1.0), ('model_train_freq', 1000), ('model_retain_epochs', 5), ('rollout_batch_size', 50000.0), ('deterministic', False), ('num_networks', 7), ('num_elites', 5), ('real_ratio', 0.05), ('target_entropy', -3), ('max_model_t', None), ('separate_mean_var', True), ('penalty_learned_var', True), ('pool_load_path', '/home/ajc348/rds/hpc-work/mopo/rollouts/softlearning/HalfCheetah/v2/2022-05-17T18-38-36-half_cheetah_v2_3M/id=31acc_00000-seed=9479/paper_rep/combined_transitions.npy'), ('pool_load_max_size', 101000), ('rollout_length', 5), ('penalty_coeff', 1.0), ('n_epochs', 500), ('n_initial_exploration_steps', 5000), ('reparameterize', True), ('lr', 0.0003), ('target_update_interval', 1), ('store_extra_policy_info', False), ('action_prior', 'uniform')])), ('domain', 'HalfCheetah'), ('task', 'v2'), ('exp_name', 'halfcheetah_mixed_capabilities')]), 'replay_pool_params': {'type': 'SimpleReplayPool', 'kwargs': {'max_size': 1000000}}, 'sampler_params': {'type': 'SimpleSampler', 'kwargs': {'max_path_length': 1000, 'min_pool_size': 1000, 'batch_size': 256}}, 'run_params': {'seed': 1443, 'checkpoint_at_end': True, 'checkpoint_frequency': 10, 'checkpoint_replay_pool': False}, 'restore': None}",3840.44922375679,0,2
108.85804748535156,23.128692626953125,6.415158748626709,0.4549112617969513,-0.12717469036579132,1.0267078876495361,-0.3669036626815796,0.15348899364471436,-0.5793185234069824,3.0860369205474854,-0.13064725697040558,1.2655102014541626,-0.09314897656440735,0.7224641442298889,-0.0067837207391858115,-0.3040832543373108,-0.2858538371338323,-0.29738789081573486,0.48270911693573,-0.07991690445057868,-0.28605991982346524,-0.1660773668054774,-0.2134394192918408,4.226373580301336,1000.0,1000,1000,0.0,-451.93121337890625,-190.0547637939453,-545.0677490234375,106.32467651367188,1.2890086509287357e-06,3.183897933922708e-05,14.192891801998485,0.003946773998904973,11.334762946004048,0.0018043084419332445,0.0034402755554765463,13.648401022190228,0,0,-inf,101000,0,5.0,0.19982299208641052,2,1000,3000,3000,False,,3,49ff5728868845ada23a8637424276f6,2022-05-18_18-29-03,1652894943,39.2046959400177,3879.653919696808,99492,cpu-q-269,10.43.77.45,"{'environment_params': {'training': {'domain': 'HalfCheetah', 'task': 'v2', 'universe': 'gym', 'kwargs': {}}, 'evaluation': {'domain': 'HalfCheetah', 'task': 'v2', 'universe': 'gym', 'kwargs': {}}}, 'policy_params': {'type': 'GaussianPolicy', 'kwargs': {'hidden_layer_sizes': (256, 256), 'squash': True}}, 'Q_params': {'type': 'double_feedforward_Q_function', 'kwargs': {'hidden_layer_sizes': (256, 256)}}, 'algorithm_params': OrderedDict([('type', 'MOPO'), ('universe', 'gym'), ('log_dir', './ray_mopo/'), ('kwargs', OrderedDict([('epoch_length', 1000), ('train_every_n_steps', 1), ('n_train_repeat', 1), ('eval_render_mode', None), ('eval_n_episodes', 10), ('eval_deterministic', True), ('discount', 0.99), ('tau', 0.005), ('reward_scale', 1.0), ('model_train_freq', 1000), ('model_retain_epochs', 5), ('rollout_batch_size', 50000.0), ('deterministic', False), ('num_networks', 7), ('num_elites', 5), ('real_ratio', 0.05), ('target_entropy', -3), ('max_model_t', None), ('separate_mean_var', True), ('penalty_learned_var', True), ('pool_load_path', '/home/ajc348/rds/hpc-work/mopo/rollouts/softlearning/HalfCheetah/v2/2022-05-17T18-38-36-half_cheetah_v2_3M/id=31acc_00000-seed=9479/paper_rep/combined_transitions.npy'), ('pool_load_max_size', 101000), ('rollout_length', 5), ('penalty_coeff', 1.0), ('n_epochs', 500), ('n_initial_exploration_steps', 5000), ('reparameterize', True), ('lr', 0.0003), ('target_update_interval', 1), ('store_extra_policy_info', False), ('action_prior', 'uniform')])), ('domain', 'HalfCheetah'), ('task', 'v2'), ('exp_name', 'halfcheetah_mixed_capabilities')]), 'replay_pool_params': {'type': 'SimpleReplayPool', 'kwargs': {'max_size': 1000000}}, 'sampler_params': {'type': 'SimpleSampler', 'kwargs': {'max_path_length': 1000, 'min_pool_size': 1000, 'batch_size': 256}}, 'run_params': {'seed': 1443, 'checkpoint_at_end': True, 'checkpoint_frequency': 10, 'checkpoint_replay_pool': False}, 'restore': None}",3879.653919696808,0,3
139.44537353515625,26.184377670288086,14.145730972290039,0.3931232988834381,-0.22809195518493652,1.2079914808273315,-0.43106088042259216,0.1426461637020111,-2.167026996612549,3.123615026473999,-0.23316538333892822,1.3836030960083008,-0.12584222853183746,0.7532002925872803,-0.010096374787390233,-0.4293533492088318,-0.4255017449381575,-0.4370762586593628,0.5626810824498534,0.010260010373227883,0.018844545779110433,-0.10475114237838348,-0.17031945908310503,4.80079561553726,1000.0,1000,1000,0.0,-530.2528076171875,-297.0953369140625,-744.2274169921875,124.27135467529297,5.418987711891532e-06,2.731601125560701e-05,14.20020978100365,0.004094050993444398,11.215656295011286,0.0017589851922821254,0.003516802826197818,13.660994638223201,0,0,-inf,101000,0,5.0,0.19982299208641052,3,1000,4000,4000,False,,4,49ff5728868845ada23a8637424276f6,2022-05-18_18-29-42,1652894982,39.10588049888611,3918.759800195694,99492,cpu-q-269,10.43.77.45,"{'environment_params': {'training': {'domain': 'HalfCheetah', 'task': 'v2', 'universe': 'gym', 'kwargs': {}}, 'evaluation': {'domain': 'HalfCheetah', 'task': 'v2', 'universe': 'gym', 'kwargs': {}}}, 'policy_params': {'type': 'GaussianPolicy', 'kwargs': {'hidden_layer_sizes': (256, 256), 'squash': True}}, 'Q_params': {'type': 'double_feedforward_Q_function', 'kwargs': {'hidden_layer_sizes': (256, 256)}}, 'algorithm_params': OrderedDict([('type', 'MOPO'), ('universe', 'gym'), ('log_dir', './ray_mopo/'), ('kwargs', OrderedDict([('epoch_length', 1000), ('train_every_n_steps', 1), ('n_train_repeat', 1), ('eval_render_mode', None), ('eval_n_episodes', 10), ('eval_deterministic', True), ('discount', 0.99), ('tau', 0.005), ('reward_scale', 1.0), ('model_train_freq', 1000), ('model_retain_epochs', 5), ('rollout_batch_size', 50000.0), ('deterministic', False), ('num_networks', 7), ('num_elites', 5), ('real_ratio', 0.05), ('target_entropy', -3), ('max_model_t', None), ('separate_mean_var', True), ('penalty_learned_var', True), ('pool_load_path', '/home/ajc348/rds/hpc-work/mopo/rollouts/softlearning/HalfCheetah/v2/2022-05-17T18-38-36-half_cheetah_v2_3M/id=31acc_00000-seed=9479/paper_rep/combined_transitions.npy'), ('pool_load_max_size', 101000), ('rollout_length', 5), ('penalty_coeff', 1.0), ('n_epochs', 500), ('n_initial_exploration_steps', 5000), ('reparameterize', True), ('lr', 0.0003), ('target_update_interval', 1), ('store_extra_policy_info', False), ('action_prior', 'uniform')])), ('domain', 'HalfCheetah'), ('task', 'v2'), ('exp_name', 'halfcheetah_mixed_capabilities')]), 'replay_pool_params': {'type': 'SimpleReplayPool', 'kwargs': {'max_size': 1000000}}, 'sampler_params': {'type': 'SimpleSampler', 'kwargs': {'max_path_length': 1000, 'min_pool_size': 1000, 'batch_size': 256}}, 'run_params': {'seed': 1443, 'checkpoint_at_end': True, 'checkpoint_frequency': 10, 'checkpoint_replay_pool': False}, 'restore': None}",3918.759800195694,0,4
165.39515686035156,30.67255401611328,13.208860397338867,0.374961256980896,-0.19151540100574493,1.292649745941162,-0.45712992548942566,0.14001776278018951,-3.164350748062134,3.322389841079712,-0.21328215301036835,1.4574975967407227,-0.12392128258943558,0.7771816849708557,-0.014010833054780963,-0.48389688491821287,-0.45848782124437387,-0.4771354603767396,0.5719607301428915,-0.06881758904227522,-0.018039940515450326,-0.0762847132781426,-0.15990603543241258,5.4623984432473485,1000.0,1000,1000,0.0,-534.7725219726562,-250.37525939941406,-687.0306396484375,133.51992797851562,1.2289965525269508e-06,2.677299198694527e-05,14.196819112985395,0.003991640987806022,11.28460652200738,0.001823266939027235,0.0034473008126951754,13.660840240772814,0,0,-inf,101000,0,5.0,0.19982299208641052,4,1000,5000,5000,False,,5,49ff5728868845ada23a8637424276f6,2022-05-18_18-30-22,1652895022,39.171075105667114,3957.930875301361,99492,cpu-q-269,10.43.77.45,"{'environment_params': {'training': {'domain': 'HalfCheetah', 'task': 'v2', 'universe': 'gym', 'kwargs': {}}, 'evaluation': {'domain': 'HalfCheetah', 'task': 'v2', 'universe': 'gym', 'kwargs': {}}}, 'policy_params': {'type': 'GaussianPolicy', 'kwargs': {'hidden_layer_sizes': (256, 256), 'squash': True}}, 'Q_params': {'type': 'double_feedforward_Q_function', 'kwargs': {'hidden_layer_sizes': (256, 256)}}, 'algorithm_params': OrderedDict([('type', 'MOPO'), ('universe', 'gym'), ('log_dir', './ray_mopo/'), ('kwargs', OrderedDict([('epoch_length', 1000), ('train_every_n_steps', 1), ('n_train_repeat', 1), ('eval_render_mode', None), ('eval_n_episodes', 10), ('eval_deterministic', True), ('discount', 0.99), ('tau', 0.005), ('reward_scale', 1.0), ('model_train_freq', 1000), ('model_retain_epochs', 5), ('rollout_batch_size', 50000.0), ('deterministic', False), ('num_networks', 7), ('num_elites', 5), ('real_ratio', 0.05), ('target_entropy', -3), ('max_model_t', None), ('separate_mean_var', True), ('penalty_learned_var', True), ('pool_load_path', '/home/ajc348/rds/hpc-work/mopo/rollouts/softlearning/HalfCheetah/v2/2022-05-17T18-38-36-half_cheetah_v2_3M/id=31acc_00000-seed=9479/paper_rep/combined_transitions.npy'), ('pool_load_max_size', 101000), ('rollout_length', 5), ('penalty_coeff', 1.0), ('n_epochs', 500), ('n_initial_exploration_steps', 5000), ('reparameterize', True), ('lr', 0.0003), ('target_update_interval', 1), ('store_extra_policy_info', False), ('action_prior', 'uniform')])), ('domain', 'HalfCheetah'), ('task', 'v2'), ('exp_name', 'halfcheetah_mixed_capabilities')]), 'replay_pool_params': {'type': 'SimpleReplayPool', 'kwargs': {'max_size': 1000000}}, 'sampler_params': {'type': 'SimpleSampler', 'kwargs': {'max_path_length': 1000, 'min_pool_size': 1000, 'batch_size': 256}}, 'run_params': {'seed': 1443, 'checkpoint_at_end': True, 'checkpoint_frequency': 10, 'checkpoint_replay_pool': False}, 'restore': None}",3957.930875301361,0,5
194.15805053710938,33.63121795654297,13.710783004760742,0.3999961018562317,-0.1379023641347885,1.2908985614776611,-0.4866349697113037,0.11427383869886398,-2.993075370788574,3.4382505416870117,-0.1305052787065506,1.4314014911651611,-0.07561889290809631,0.7755187749862671,-0.024101522117853165,-0.41608119964599605,-0.44373648861795667,-0.4584040498733521,0.5611532567441464,-0.0071661727295713185,-0.171474684616284,-0.056340622352627524,-0.09110942912640768,4.799865744407522,1000.0,1000,1000,0.0,-500.0770568847656,-252.75563049316406,-741.0728149414062,119.63497924804688,1.2630189303308725e-06,2.875999780371785e-05,14.2108477820002,0.00385897999512963,11.342395892017521,0.0018204314401373267,0.003543329832609743,13.706101942196256,0,0,-inf,101000,0,5.0,0.19982299208641052,5,1000,6000,6000,False,,6,49ff5728868845ada23a8637424276f6,2022-05-18_18-31-01,1652895061,39.28865075111389,3997.219526052475,99492,cpu-q-269,10.43.77.45,"{'environment_params': {'training': {'domain': 'HalfCheetah', 'task': 'v2', 'universe': 'gym', 'kwargs': {}}, 'evaluation': {'domain': 'HalfCheetah', 'task': 'v2', 'universe': 'gym', 'kwargs': {}}}, 'policy_params': {'type': 'GaussianPolicy', 'kwargs': {'hidden_layer_sizes': (256, 256), 'squash': True}}, 'Q_params': {'type': 'double_feedforward_Q_function', 'kwargs': {'hidden_layer_sizes': (256, 256)}}, 'algorithm_params': OrderedDict([('type', 'MOPO'), ('universe', 'gym'), ('log_dir', './ray_mopo/'), ('kwargs', OrderedDict([('epoch_length', 1000), ('train_every_n_steps', 1), ('n_train_repeat', 1), ('eval_render_mode', None), ('eval_n_episodes', 10), ('eval_deterministic', True), ('discount', 0.99), ('tau', 0.005), ('reward_scale', 1.0), ('model_train_freq', 1000), ('model_retain_epochs', 5), ('rollout_batch_size', 50000.0), ('deterministic', False), ('num_networks', 7), ('num_elites', 5), ('real_ratio', 0.05), ('target_entropy', -3), ('max_model_t', None), ('separate_mean_var', True), ('penalty_learned_var', True), ('pool_load_path', '/home/ajc348/rds/hpc-work/mopo/rollouts/softlearning/HalfCheetah/v2/2022-05-17T18-38-36-half_cheetah_v2_3M/id=31acc_00000-seed=9479/paper_rep/combined_transitions.npy'), ('pool_load_max_size', 101000), ('rollout_length', 5), ('penalty_coeff', 1.0), ('n_epochs', 500), ('n_initial_exploration_steps', 5000), ('reparameterize', True), ('lr', 0.0003), ('target_update_interval', 1), ('store_extra_policy_info', False), ('action_prior', 'uniform')])), ('domain', 'HalfCheetah'), ('task', 'v2'), ('exp_name', 'halfcheetah_mixed_capabilities')]), 'replay_pool_params': {'type': 'SimpleReplayPool', 'kwargs': {'max_size': 1000000}}, 'sampler_params': {'type': 'SimpleSampler', 'kwargs': {'max_path_length': 1000, 'min_pool_size': 1000, 'batch_size': 256}}, 'run_params': {'seed': 1443, 'checkpoint_at_end': True, 'checkpoint_frequency': 10, 'checkpoint_replay_pool': False}, 'restore': None}",3997.219526052475,0,6
220.74777221679688,28.73517417907715,9.282155990600586,0.4414578676223755,-0.19132773578166962,1.3075296878814697,-0.5116015076637268,0.10982062667608261,-3.288517951965332,3.329775810241699,-0.1876782923936844,1.428830862045288,-0.10851657390594482,0.7812234163284302,-0.032844416052103045,-0.43351362705230717,-0.4122344023890793,-0.44062424898147584,0.5439133630692959,0.12220502739702595,-0.13438744213617237,-0.12098631543581853,-0.08511495242364833,4.050348963124535,1000.0,1000,1000,0.0,-533.220703125,-438.39501953125,-589.885498046875,48.07274627685547,1.2579839676618576e-06,2.7250003768131137e-05,14.198871415981557,0.004189175000647083,11.352136700996198,0.0018661252106539905,0.0034586924593895674,13.636358147399733,0,0,-inf,101000,0,5.0,0.19982299208641052,6,1000,7000,7000,False,,7,49ff5728868845ada23a8637424276f6,2022-05-18_18-31-40,1652895100,39.21659588813782,4036.436121940613,99492,cpu-q-269,10.43.77.45,"{'environment_params': {'training': {'domain': 'HalfCheetah', 'task': 'v2', 'universe': 'gym', 'kwargs': {}}, 'evaluation': {'domain': 'HalfCheetah', 'task': 'v2', 'universe': 'gym', 'kwargs': {}}}, 'policy_params': {'type': 'GaussianPolicy', 'kwargs': {'hidden_layer_sizes': (256, 256), 'squash': True}}, 'Q_params': {'type': 'double_feedforward_Q_function', 'kwargs': {'hidden_layer_sizes': (256, 256)}}, 'algorithm_params': OrderedDict([('type', 'MOPO'), ('universe', 'gym'), ('log_dir', './ray_mopo/'), ('kwargs', OrderedDict([('epoch_length', 1000), ('train_every_n_steps', 1), ('n_train_repeat', 1), ('eval_render_mode', None), ('eval_n_episodes', 10), ('eval_deterministic', True), ('discount', 0.99), ('tau', 0.005), ('reward_scale', 1.0), ('model_train_freq', 1000), ('model_retain_epochs', 5), ('rollout_batch_size', 50000.0), ('deterministic', False), ('num_networks', 7), ('num_elites', 5), ('real_ratio', 0.05), ('target_entropy', -3), ('max_model_t', None), ('separate_mean_var', True), ('penalty_learned_var', True), ('pool_load_path', '/home/ajc348/rds/hpc-work/mopo/rollouts/softlearning/HalfCheetah/v2/2022-05-17T18-38-36-half_cheetah_v2_3M/id=31acc_00000-seed=9479/paper_rep/combined_transitions.npy'), ('pool_load_max_size', 101000), ('rollout_length', 5), ('penalty_coeff', 1.0), ('n_epochs', 500), ('n_initial_exploration_steps', 5000), ('reparameterize', True), ('lr', 0.0003), ('target_update_interval', 1), ('store_extra_policy_info', False), ('action_prior', 'uniform')])), ('domain', 'HalfCheetah'), ('task', 'v2'), ('exp_name', 'halfcheetah_mixed_capabilities')]), 'replay_pool_params': {'type': 'SimpleReplayPool', 'kwargs': {'max_size': 1000000}}, 'sampler_params': {'type': 'SimpleSampler', 'kwargs': {'max_path_length': 1000, 'min_pool_size': 1000, 'batch_size': 256}}, 'run_params': {'seed': 1443, 'checkpoint_at_end': True, 'checkpoint_frequency': 10, 'checkpoint_replay_pool': False}, 'restore': None}",4036.436121940613,0,7
236.23898315429688,45.21105194091797,15.747884750366211,0.4689897894859314,-0.15313810110092163,1.2601863145828247,-0.5272268056869507,0.11937487125396729,-2.610295295715332,3.0723631381988525,-0.15191437304019928,1.3882712125778198,-0.07374200969934464,0.7724037170410156,-0.05558718323707581,-0.38226975202560426,-0.39296967616558076,-0.4153350520133972,0.5070278775691986,0.05094098831834541,-0.014283559849789684,-0.05138258052559912,-0.036564518056121494,4.701482213969226,1000.0,1000,1000,0.0,-444.35223388671875,-329.58245849609375,-580.5665283203125,73.25395202636719,1.6459962353110313e-06,2.9129994800314307e-05,14.222362194996094,0.029323618015041575,11.244083522004075,0.001845099264755845,0.0034959747281391174,13.644545762334019,0,0,-inf,101000,0,5.0,0.19982299208641052,7,1000,8000,8000,False,,8,49ff5728868845ada23a8637424276f6,2022-05-18_18-32-19,1652895139,39.177464962005615,4075.6135869026184,99492,cpu-q-269,10.43.77.45,"{'environment_params': {'training': {'domain': 'HalfCheetah', 'task': 'v2', 'universe': 'gym', 'kwargs': {}}, 'evaluation': {'domain': 'HalfCheetah', 'task': 'v2', 'universe': 'gym', 'kwargs': {}}}, 'policy_params': {'type': 'GaussianPolicy', 'kwargs': {'hidden_layer_sizes': (256, 256), 'squash': True}}, 'Q_params': {'type': 'double_feedforward_Q_function', 'kwargs': {'hidden_layer_sizes': (256, 256)}}, 'algorithm_params': OrderedDict([('type', 'MOPO'), ('universe', 'gym'), ('log_dir', './ray_mopo/'), ('kwargs', OrderedDict([('epoch_length', 1000), ('train_every_n_steps', 1), ('n_train_repeat', 1), ('eval_render_mode', None), ('eval_n_episodes', 10), ('eval_deterministic', True), ('discount', 0.99), ('tau', 0.005), ('reward_scale', 1.0), ('model_train_freq', 1000), ('model_retain_epochs', 5), ('rollout_batch_size', 50000.0), ('deterministic', False), ('num_networks', 7), ('num_elites', 5), ('real_ratio', 0.05), ('target_entropy', -3), ('max_model_t', None), ('separate_mean_var', True), ('penalty_learned_var', True), ('pool_load_path', '/home/ajc348/rds/hpc-work/mopo/rollouts/softlearning/HalfCheetah/v2/2022-05-17T18-38-36-half_cheetah_v2_3M/id=31acc_00000-seed=9479/paper_rep/combined_transitions.npy'), ('pool_load_max_size', 101000), ('rollout_length', 5), ('penalty_coeff', 1.0), ('n_epochs', 500), ('n_initial_exploration_steps', 5000), ('reparameterize', True), ('lr', 0.0003), ('target_update_interval', 1), ('store_extra_policy_info', False), ('action_prior', 'uniform')])), ('domain', 'HalfCheetah'), ('task', 'v2'), ('exp_name', 'halfcheetah_mixed_capabilities')]), 'replay_pool_params': {'type': 'SimpleReplayPool', 'kwargs': {'max_size': 1000000}}, 'sampler_params': {'type': 'SimpleSampler', 'kwargs': {'max_path_length': 1000, 'min_pool_size': 1000, 'batch_size': 256}}, 'run_params': {'seed': 1443, 'checkpoint_at_end': True, 'checkpoint_frequency': 10, 'checkpoint_replay_pool': False}, 'restore': None}",4075.6135869026184,0,8
257.2456359863281,41.658042907714844,20.51918601989746,0.5070576071739197,-0.1944473534822464,1.2981184720993042,-0.5448395609855652,0.12265098094940186,-3.2298202514648438,3.113101005554199,-0.21271054446697235,1.4117181301116943,-0.10992249101400375,0.7786703705787659,-0.16105143666267396,-0.3722285389900208,-0.39297365056037903,-0.405031840801239,0.4592130988836288,0.01446852512329154,0.17784176985135502,0.12069045293304334,0.05706169021896788,3.786988428579737,1000.0,1000,1000,0.0,-272.283203125,-111.73989868164062,-342.82415771484375,67.92607116699219,1.3220123946666718e-06,2.8234004275873303e-05,14.15476698600105,0.004017215018393472,11.484538789984072,0.0018430978525429964,0.003454638412222266,13.669655297882855,0,0,-inf,101000,0,5.0,0.19982299208641052,8,1000,9000,9000,False,,9,49ff5728868845ada23a8637424276f6,2022-05-18_18-32-59,1652895179,39.33799123764038,4114.951578140259,99492,cpu-q-269,10.43.77.45,"{'environment_params': {'training': {'domain': 'HalfCheetah', 'task': 'v2', 'universe': 'gym', 'kwargs': {}}, 'evaluation': {'domain': 'HalfCheetah', 'task': 'v2', 'universe': 'gym', 'kwargs': {}}}, 'policy_params': {'type': 'GaussianPolicy', 'kwargs': {'hidden_layer_sizes': (256, 256), 'squash': True}}, 'Q_params': {'type': 'double_feedforward_Q_function', 'kwargs': {'hidden_layer_sizes': (256, 256)}}, 'algorithm_params': OrderedDict([('type', 'MOPO'), ('universe', 'gym'), ('log_dir', './ray_mopo/'), ('kwargs', OrderedDict([('epoch_length', 1000), ('train_every_n_steps', 1), ('n_train_repeat', 1), ('eval_render_mode', None), ('eval_n_episodes', 10), ('eval_deterministic', True), ('discount', 0.99), ('tau', 0.005), ('reward_scale', 1.0), ('model_train_freq', 1000), ('model_retain_epochs', 5), ('rollout_batch_size', 50000.0), ('deterministic', False), ('num_networks', 7), ('num_elites', 5), ('real_ratio', 0.05), ('target_entropy', -3), ('max_model_t', None), ('separate_mean_var', True), ('penalty_learned_var', True), ('pool_load_path', '/home/ajc348/rds/hpc-work/mopo/rollouts/softlearning/HalfCheetah/v2/2022-05-17T18-38-36-half_cheetah_v2_3M/id=31acc_00000-seed=9479/paper_rep/combined_transitions.npy'), ('pool_load_max_size', 101000), ('rollout_length', 5), ('penalty_coeff', 1.0), ('n_epochs', 500), ('n_initial_exploration_steps', 5000), ('reparameterize', True), ('lr', 0.0003), ('target_update_interval', 1), ('store_extra_policy_info', False), ('action_prior', 'uniform')])), ('domain', 'HalfCheetah'), ('task', 'v2'), ('exp_name', 'halfcheetah_mixed_capabilities')]), 'replay_pool_params': {'type': 'SimpleReplayPool', 'kwargs': {'max_size': 1000000}}, 'sampler_params': {'type': 'SimpleSampler', 'kwargs': {'max_path_length': 1000, 'min_pool_size': 1000, 'batch_size': 256}}, 'run_params': {'seed': 1443, 'checkpoint_at_end': True, 'checkpoint_frequency': 10, 'checkpoint_replay_pool': False}, 'restore': None}",4114.951578140259,0,9
272.7581481933594,44.111202239990234,21.74187660217285,0.5472875833511353,-0.17186309397220612,1.269032597541809,-0.5533105134963989,0.13649289309978485,-3.043426036834717,3.0775678157806396,-0.17749984562397003,1.4002470970153809,-0.09852329641580582,0.7685979008674622,-0.3141550874710083,-0.4146891713142395,-0.40133923142433164,-0.4077527666091919,0.4289626520872116,0.03097059188373779,0.08411034251583072,0.1525210025536559,0.13490193436910883,4.229255863166511,1000.0,1000,1000,0.0,-248.8182373046875,-135.21444702148438,-511.0478210449219,98.86286163330078,1.3739918358623981e-06,2.8381007723510265e-05,14.193861312000081,0.004543841991107911,11.373703963996377,0.0018600418407004327,0.003546454099705443,13.709659851301694,0,0,-inf,101000,0,5.0,0.19982299208641052,9,1000,10000,10000,False,,10,49ff5728868845ada23a8637424276f6,2022-05-18_18-33-38,1652895218,39.30690264701843,4154.258480787277,99492,cpu-q-269,10.43.77.45,"{'environment_params': {'training': {'domain': 'HalfCheetah', 'task': 'v2', 'universe': 'gym', 'kwargs': {}}, 'evaluation': {'domain': 'HalfCheetah', 'task': 'v2', 'universe': 'gym', 'kwargs': {}}}, 'policy_params': {'type': 'GaussianPolicy', 'kwargs': {'hidden_layer_sizes': (256, 256), 'squash': True}}, 'Q_params': {'type': 'double_feedforward_Q_function', 'kwargs': {'hidden_layer_sizes': (256, 256)}}, 'algorithm_params': OrderedDict([('type', 'MOPO'), ('universe', 'gym'), ('log_dir', './ray_mopo/'), ('kwargs', OrderedDict([('epoch_length', 1000), ('train_every_n_steps', 1), ('n_train_repeat', 1), ('eval_render_mode', None), ('eval_n_episodes', 10), ('eval_deterministic', True), ('discount', 0.99), ('tau', 0.005), ('reward_scale', 1.0), ('model_train_freq', 1000), ('model_retain_epochs', 5), ('rollout_batch_size', 50000.0), ('deterministic', False), ('num_networks', 7), ('num_elites', 5), ('real_ratio', 0.05), ('target_entropy', -3), ('max_model_t', None), ('separate_mean_var', True), ('penalty_learned_var', True), ('pool_load_path', '/home/ajc348/rds/hpc-work/mopo/rollouts/softlearning/HalfCheetah/v2/2022-05-17T18-38-36-half_cheetah_v2_3M/id=31acc_00000-seed=9479/paper_rep/combined_transitions.npy'), ('pool_load_max_size', 101000), ('rollout_length', 5), ('penalty_coeff', 1.0), ('n_epochs', 500), ('n_initial_exploration_steps', 5000), ('reparameterize', True), ('lr', 0.0003), ('target_update_interval', 1), ('store_extra_policy_info', False), ('action_prior', 'uniform')])), ('domain', 'HalfCheetah'), ('task', 'v2'), ('exp_name', 'halfcheetah_mixed_capabilities')]), 'replay_pool_params': {'type': 'SimpleReplayPool', 'kwargs': {'max_size': 1000000}}, 'sampler_params': {'type': 'SimpleSampler', 'kwargs': {'max_path_length': 1000, 'min_pool_size': 1000, 'batch_size': 256}}, 'run_params': {'seed': 1443, 'checkpoint_at_end': True, 'checkpoint_frequency': 10, 'checkpoint_replay_pool': False}, 'restore': None}",4154.258480787277,0,10
283.8140869140625,47.546531677246094,29.03156280517578,0.5990558862686157,-0.16631297767162323,1.284271001815796,-0.5759382247924805,0.13265152275562286,-3.3847949504852295,3.033722162246704,-0.1515044867992401,1.3991533517837524,-0.08782083541154861,0.7778556942939758,-0.39645034790039063,-0.44107877731323253,-0.44444563582658764,-0.4543065619468689,0.3912326467037201,0.06806368685685561,0.04874522835177286,0.07829941978082902,0.021883923058013954,3.9853045315082296,1000.0,1000,1000,0.0,-366.14617919921875,-279.923828125,-468.7409973144531,64.51376342773438,1.3289973139762878e-06,3.9301987271755934e-05,14.575886609003646,0.00557557400316,11.61396983099985,0.0018437026592437178,0.003409222117625177,13.741763147874735,0,0,-inf,101000,0,5.0,0.19982299208641052,10,1000,11000,11000,False,,11,49ff5728868845ada23a8637424276f6,2022-05-18_18-34-19,1652895259,39.96473789215088,4194.223218679428,99492,cpu-q-269,10.43.77.45,"{'environment_params': {'training': {'domain': 'HalfCheetah', 'task': 'v2', 'universe': 'gym', 'kwargs': {}}, 'evaluation': {'domain': 'HalfCheetah', 'task': 'v2', 'universe': 'gym', 'kwargs': {}}}, 'policy_params': {'type': 'GaussianPolicy', 'kwargs': {'hidden_layer_sizes': (256, 256), 'squash': True}}, 'Q_params': {'type': 'double_feedforward_Q_function', 'kwargs': {'hidden_layer_sizes': (256, 256)}}, 'algorithm_params': OrderedDict([('type', 'MOPO'), ('universe', 'gym'), ('log_dir', './ray_mopo/'), ('kwargs', OrderedDict([('epoch_length', 1000), ('train_every_n_steps', 1), ('n_train_repeat', 1), ('eval_render_mode', None), ('eval_n_episodes', 10), ('eval_deterministic', True), ('discount', 0.99), ('tau', 0.005), ('reward_scale', 1.0), ('model_train_freq', 1000), ('model_retain_epochs', 5), ('rollout_batch_size', 50000.0), ('deterministic', False), ('num_networks', 7), ('num_elites', 5), ('real_ratio', 0.05), ('target_entropy', -3), ('max_model_t', None), ('separate_mean_var', True), ('penalty_learned_var', True), ('pool_load_path', '/home/ajc348/rds/hpc-work/mopo/rollouts/softlearning/HalfCheetah/v2/2022-05-17T18-38-36-half_cheetah_v2_3M/id=31acc_00000-seed=9479/paper_rep/combined_transitions.npy'), ('pool_load_max_size', 101000), ('rollout_length', 5), ('penalty_coeff', 1.0), ('n_epochs', 500), ('n_initial_exploration_steps', 5000), ('reparameterize', True), ('lr', 0.0003), ('target_update_interval', 1), ('store_extra_policy_info', False), ('action_prior', 'uniform')])), ('domain', 'HalfCheetah'), ('task', 'v2'), ('exp_name', 'halfcheetah_mixed_capabilities')]), 'replay_pool_params': {'type': 'SimpleReplayPool', 'kwargs': {'max_size': 1000000}}, 'sampler_params': {'type': 'SimpleSampler', 'kwargs': {'max_path_length': 1000, 'min_pool_size': 1000, 'batch_size': 256}}, 'run_params': {'seed': 1443, 'checkpoint_at_end': True, 'checkpoint_frequency': 10, 'checkpoint_replay_pool': False}, 'restore': None}",4194.223218679428,0,11
299.14990234375,45.24671173095703,23.70696449279785,0.6572350859642029,-0.22607330977916718,1.273000955581665,-0.5599220395088196,0.11904413253068924,-3.2741050720214844,2.8482048511505127,-0.1994113177061081,1.3880921602249146,-0.11729776859283447,0.7769420742988586,-0.3474948716163635,-0.488347373008728,-0.46528912043690684,-0.46867255806922914,0.36484512329101565,0.11210766258474658,-0.08606640967890551,-0.001359309810526867,-0.00453964269026802,3.832957836744555,1000.0,1000,1000,0.0,-466.6484375,-309.01873779296875,-612.7999267578125,93.57134246826172,1.3179960660636425e-06,3.597399336285889e-05,14.159310261020437,0.015299246995709836,11.374152884993237,0.0018735666817519814,0.004618066333932802,13.646553930913797,0,0,-inf,101000,0,5.0,0.19982299208641052,11,1000,12000,12000,False,,12,49ff5728868845ada23a8637424276f6,2022-05-18_18-35-00,1652895300,39.22170352935791,4233.444922208786,99492,cpu-q-269,10.43.77.45,"{'environment_params': {'training': {'domain': 'HalfCheetah', 'task': 'v2', 'universe': 'gym', 'kwargs': {}}, 'evaluation': {'domain': 'HalfCheetah', 'task': 'v2', 'universe': 'gym', 'kwargs': {}}}, 'policy_params': {'type': 'GaussianPolicy', 'kwargs': {'hidden_layer_sizes': (256, 256), 'squash': True}}, 'Q_params': {'type': 'double_feedforward_Q_function', 'kwargs': {'hidden_layer_sizes': (256, 256)}}, 'algorithm_params': OrderedDict([('type', 'MOPO'), ('universe', 'gym'), ('log_dir', './ray_mopo/'), ('kwargs', OrderedDict([('epoch_length', 1000), ('train_every_n_steps', 1), ('n_train_repeat', 1), ('eval_render_mode', None), ('eval_n_episodes', 10), ('eval_deterministic', True), ('discount', 0.99), ('tau', 0.005), ('reward_scale', 1.0), ('model_train_freq', 1000), ('model_retain_epochs', 5), ('rollout_batch_size', 50000.0), ('deterministic', False), ('num_networks', 7), ('num_elites', 5), ('real_ratio', 0.05), ('target_entropy', -3), ('max_model_t', None), ('separate_mean_var', True), ('penalty_learned_var', True), ('pool_load_path', '/home/ajc348/rds/hpc-work/mopo/rollouts/softlearning/HalfCheetah/v2/2022-05-17T18-38-36-half_cheetah_v2_3M/id=31acc_00000-seed=9479/paper_rep/combined_transitions.npy'), ('pool_load_max_size', 101000), ('rollout_length', 5), ('penalty_coeff', 1.0), ('n_epochs', 500), ('n_initial_exploration_steps', 5000), ('reparameterize', True), ('lr', 0.0003), ('target_update_interval', 1), ('store_extra_policy_info', False), ('action_prior', 'uniform')])), ('domain', 'HalfCheetah'), ('task', 'v2'), ('exp_name', 'halfcheetah_mixed_capabilities')]), 'replay_pool_params': {'type': 'SimpleReplayPool', 'kwargs': {'max_size': 1000000}}, 'sampler_params': {'type': 'SimpleSampler', 'kwargs': {'max_path_length': 1000, 'min_pool_size': 1000, 'batch_size': 256}}, 'run_params': {'seed': 1443, 'checkpoint_at_end': True, 'checkpoint_frequency': 10, 'checkpoint_replay_pool': False}, 'restore': None}",4233.444922208786,0,12
301.5526428222656,54.943809509277344,25.686946868896484,0.6917537450790405,-0.13315226137638092,1.2976617813110352,-0.5870161056518555,0.14740774035453796,-3.3827967643737793,3.217247486114502,-0.16157563030719757,1.413490653038025,-0.0821695551276207,0.7776968479156494,-0.37152087926864624,-0.5097071170806885,-0.5004929735076427,-0.500113365650177,0.391060072183609,0.09754273627152903,-0.13628811839967092,0.055263941974880736,-0.027499197650466944,3.8595113935219247,1000.0,1000,1000,0.0,-445.22906494140625,-187.69815063476562,-570.5534057617188,113.63562774658203,1.180014805868268e-06,3.75090166926384e-05,14.194350067991763,0.0041089569858741015,11.38728923999588,0.0018548670341260731,0.0034587551781442016,13.702867976448033,0,0,-inf,101000,0,5.0,0.19982299208641052,12,1000,13000,13000,False,,13,49ff5728868845ada23a8637424276f6,2022-05-18_18-35-40,1652895340,39.31354594230652,4272.7584681510925,99492,cpu-q-269,10.43.77.45,"{'environment_params': {'training': {'domain': 'HalfCheetah', 'task': 'v2', 'universe': 'gym', 'kwargs': {}}, 'evaluation': {'domain': 'HalfCheetah', 'task': 'v2', 'universe': 'gym', 'kwargs': {}}}, 'policy_params': {'type': 'GaussianPolicy', 'kwargs': {'hidden_layer_sizes': (256, 256), 'squash': True}}, 'Q_params': {'type': 'double_feedforward_Q_function', 'kwargs': {'hidden_layer_sizes': (256, 256)}}, 'algorithm_params': OrderedDict([('type', 'MOPO'), ('universe', 'gym'), ('log_dir', './ray_mopo/'), ('kwargs', OrderedDict([('epoch_length', 1000), ('train_every_n_steps', 1), ('n_train_repeat', 1), ('eval_render_mode', None), ('eval_n_episodes', 10), ('eval_deterministic', True), ('discount', 0.99), ('tau', 0.005), ('reward_scale', 1.0), ('model_train_freq', 1000), ('model_retain_epochs', 5), ('rollout_batch_size', 50000.0), ('deterministic', False), ('num_networks', 7), ('num_elites', 5), ('real_ratio', 0.05), ('target_entropy', -3), ('max_model_t', None), ('separate_mean_var', True), ('penalty_learned_var', True), ('pool_load_path', '/home/ajc348/rds/hpc-work/mopo/rollouts/softlearning/HalfCheetah/v2/2022-05-17T18-38-36-half_cheetah_v2_3M/id=31acc_00000-seed=9479/paper_rep/combined_transitions.npy'), ('pool_load_max_size', 101000), ('rollout_length', 5), ('penalty_coeff', 1.0), ('n_epochs', 500), ('n_initial_exploration_steps', 5000), ('reparameterize', True), ('lr', 0.0003), ('target_update_interval', 1), ('store_extra_policy_info', False), ('action_prior', 'uniform')])), ('domain', 'HalfCheetah'), ('task', 'v2'), ('exp_name', 'halfcheetah_mixed_capabilities')]), 'replay_pool_params': {'type': 'SimpleReplayPool', 'kwargs': {'max_size': 1000000}}, 'sampler_params': {'type': 'SimpleSampler', 'kwargs': {'max_path_length': 1000, 'min_pool_size': 1000, 'batch_size': 256}}, 'run_params': {'seed': 1443, 'checkpoint_at_end': True, 'checkpoint_frequency': 10, 'checkpoint_replay_pool': False}, 'restore': None}",4272.7584681510925,0,13
310.8966064453125,53.63009262084961,23.780733108520508,0.7160059809684753,-0.1472366601228714,1.240735411643982,-0.5883095264434814,0.1457597017288208,-3.0300517082214355,3.035451889038086,-0.13354440033435822,1.3686760663986206,-0.07001647353172302,0.7663041353225708,-0.35760170698165894,-0.5598980283737184,-0.550044430127144,-0.5598980379104616,0.4109703636169434,0.059687363751325974,-3.98045041372086e-09,0.04019948553175206,2.2278610067871796e-09,3.4683583445494293,1000.0,1000,1000,0.0,-509.84490966796875,-397.2154235839844,-556.8623046875,48.997676849365234,1.1409865692257881e-06,2.7151021640747786e-05,14.19141812901944,0.003987772011896595,11.423581139009912,0.0017942271078936756,0.0034178877249360085,13.664542717771837,0,0,-inf,101000,0,5.0,0.19982299208641052,13,1000,14000,14000,False,,14,49ff5728868845ada23a8637424276f6,2022-05-18_18-36-19,1652895379,39.30832242965698,4312.0667905807495,99492,cpu-q-269,10.43.77.45,"{'environment_params': {'training': {'domain': 'HalfCheetah', 'task': 'v2', 'universe': 'gym', 'kwargs': {}}, 'evaluation': {'domain': 'HalfCheetah', 'task': 'v2', 'universe': 'gym', 'kwargs': {}}}, 'policy_params': {'type': 'GaussianPolicy', 'kwargs': {'hidden_layer_sizes': (256, 256), 'squash': True}}, 'Q_params': {'type': 'double_feedforward_Q_function', 'kwargs': {'hidden_layer_sizes': (256, 256)}}, 'algorithm_params': OrderedDict([('type', 'MOPO'), ('universe', 'gym'), ('log_dir', './ray_mopo/'), ('kwargs', OrderedDict([('epoch_length', 1000), ('train_every_n_steps', 1), ('n_train_repeat', 1), ('eval_render_mode', None), ('eval_n_episodes', 10), ('eval_deterministic', True), ('discount', 0.99), ('tau', 0.005), ('reward_scale', 1.0), ('model_train_freq', 1000), ('model_retain_epochs', 5), ('rollout_batch_size', 50000.0), ('deterministic', False), ('num_networks', 7), ('num_elites', 5), ('real_ratio', 0.05), ('target_entropy', -3), ('max_model_t', None), ('separate_mean_var', True), ('penalty_learned_var', True), ('pool_load_path', '/home/ajc348/rds/hpc-work/mopo/rollouts/softlearning/HalfCheetah/v2/2022-05-17T18-38-36-half_cheetah_v2_3M/id=31acc_00000-seed=9479/paper_rep/combined_transitions.npy'), ('pool_load_max_size', 101000), ('rollout_length', 5), ('penalty_coeff', 1.0), ('n_epochs', 500), ('n_initial_exploration_steps', 5000), ('reparameterize', True), ('lr', 0.0003), ('target_update_interval', 1), ('store_extra_policy_info', False), ('action_prior', 'uniform')])), ('domain', 'HalfCheetah'), ('task', 'v2'), ('exp_name', 'halfcheetah_mixed_capabilities')]), 'replay_pool_params': {'type': 'SimpleReplayPool', 'kwargs': {'max_size': 1000000}}, 'sampler_params': {'type': 'SimpleSampler', 'kwargs': {'max_path_length': 1000, 'min_pool_size': 1000, 'batch_size': 256}}, 'run_params': {'seed': 1443, 'checkpoint_at_end': True, 'checkpoint_frequency': 10, 'checkpoint_replay_pool': False}, 'restore': None}",4312.0667905807495,0,14
317.2762451171875,52.30597686767578,31.530078887939453,0.7208248376846313,-0.15118050575256348,1.263992190361023,-0.5773670077323914,0.12442819774150848,-3.1287527084350586,3.099609613418579,-0.1502600461244583,1.376375675201416,-0.0825401246547699,0.7717283964157104,-0.38472530603408817,-0.5557778835296632,-0.5464403572392463,-0.5557778882980348,0.42314983129501343,0.1028774218282948,4.927532267634538e-09,0.04032285798739942,4.79443754662634e-10,3.462194382676837,1000.0,1000,1000,0.0,-506.11749267578125,-375.6669921875,-576.6241455078125,69.82472229003906,1.2350210454314947e-06,2.790300641208887e-05,14.185227756999666,0.004114625015063211,11.494317139993655,0.0018372403865214437,0.0034569509443826973,13.694637654203689,0,0,-inf,101000,0,5.0,0.19982299208641052,14,1000,15000,15000,False,,15,49ff5728868845ada23a8637424276f6,2022-05-18_18-36-59,1652895419,39.40348529815674,4351.470275878906,99492,cpu-q-269,10.43.77.45,"{'environment_params': {'training': {'domain': 'HalfCheetah', 'task': 'v2', 'universe': 'gym', 'kwargs': {}}, 'evaluation': {'domain': 'HalfCheetah', 'task': 'v2', 'universe': 'gym', 'kwargs': {}}}, 'policy_params': {'type': 'GaussianPolicy', 'kwargs': {'hidden_layer_sizes': (256, 256), 'squash': True}}, 'Q_params': {'type': 'double_feedforward_Q_function', 'kwargs': {'hidden_layer_sizes': (256, 256)}}, 'algorithm_params': OrderedDict([('type', 'MOPO'), ('universe', 'gym'), ('log_dir', './ray_mopo/'), ('kwargs', OrderedDict([('epoch_length', 1000), ('train_every_n_steps', 1), ('n_train_repeat', 1), ('eval_render_mode', None), ('eval_n_episodes', 10), ('eval_deterministic', True), ('discount', 0.99), ('tau', 0.005), ('reward_scale', 1.0), ('model_train_freq', 1000), ('model_retain_epochs', 5), ('rollout_batch_size', 50000.0), ('deterministic', False), ('num_networks', 7), ('num_elites', 5), ('real_ratio', 0.05), ('target_entropy', -3), ('max_model_t', None), ('separate_mean_var', True), ('penalty_learned_var', True), ('pool_load_path', '/home/ajc348/rds/hpc-work/mopo/rollouts/softlearning/HalfCheetah/v2/2022-05-17T18-38-36-half_cheetah_v2_3M/id=31acc_00000-seed=9479/paper_rep/combined_transitions.npy'), ('pool_load_max_size', 101000), ('rollout_length', 5), ('penalty_coeff', 1.0), ('n_epochs', 500), ('n_initial_exploration_steps', 5000), ('reparameterize', True), ('lr', 0.0003), ('target_update_interval', 1), ('store_extra_policy_info', False), ('action_prior', 'uniform')])), ('domain', 'HalfCheetah'), ('task', 'v2'), ('exp_name', 'halfcheetah_mixed_capabilities')]), 'replay_pool_params': {'type': 'SimpleReplayPool', 'kwargs': {'max_size': 1000000}}, 'sampler_params': {'type': 'SimpleSampler', 'kwargs': {'max_path_length': 1000, 'min_pool_size': 1000, 'batch_size': 256}}, 'run_params': {'seed': 1443, 'checkpoint_at_end': True, 'checkpoint_frequency': 10, 'checkpoint_replay_pool': False}, 'restore': None}",4351.470275878906,0,15
314.4466552734375,62.14097595214844,31.163883209228516,0.7458643317222595,-0.12404605001211166,1.2209779024124146,-0.5764731764793396,0.14427444338798523,-2.732480049133301,2.9584107398986816,-0.13571669161319733,1.3509855270385742,-0.0861533060669899,0.7627155184745789,-0.34656717777252194,-0.5825067853927612,-0.570280140182972,-0.5825067949295044,0.42489893674850465,0.04791761123693526,-1.3241902296901031e-09,0.06297844577182422,1.7025256204838968e-10,3.3206558366176018,1000.0,1000,1000,0.0,-507.30169677734375,-322.3944396972656,-582.7403564453125,77.53475189208984,1.2300151865929365e-06,2.7722009690478444e-05,14.172949400002835,0.004208362981444225,11.450565924984403,0.0018546738720033318,0.003547942847944796,13.61728720573592,0,0,-inf,101000,0,5.0,0.19982299208641052,15,1000,16000,16000,False,,16,49ff5728868845ada23a8637424276f6,2022-05-18_18-37-38,1652895458,39.280648946762085,4390.750924825668,99492,cpu-q-269,10.43.77.45,"{'environment_params': {'training': {'domain': 'HalfCheetah', 'task': 'v2', 'universe': 'gym', 'kwargs': {}}, 'evaluation': {'domain': 'HalfCheetah', 'task': 'v2', 'universe': 'gym', 'kwargs': {}}}, 'policy_params': {'type': 'GaussianPolicy', 'kwargs': {'hidden_layer_sizes': (256, 256), 'squash': True}}, 'Q_params': {'type': 'double_feedforward_Q_function', 'kwargs': {'hidden_layer_sizes': (256, 256)}}, 'algorithm_params': OrderedDict([('type', 'MOPO'), ('universe', 'gym'), ('log_dir', './ray_mopo/'), ('kwargs', OrderedDict([('epoch_length', 1000), ('train_every_n_steps', 1), ('n_train_repeat', 1), ('eval_render_mode', None), ('eval_n_episodes', 10), ('eval_deterministic', True), ('discount', 0.99), ('tau', 0.005), ('reward_scale', 1.0), ('model_train_freq', 1000), ('model_retain_epochs', 5), ('rollout_batch_size', 50000.0), ('deterministic', False), ('num_networks', 7), ('num_elites', 5), ('real_ratio', 0.05), ('target_entropy', -3), ('max_model_t', None), ('separate_mean_var', True), ('penalty_learned_var', True), ('pool_load_path', '/home/ajc348/rds/hpc-work/mopo/rollouts/softlearning/HalfCheetah/v2/2022-05-17T18-38-36-half_cheetah_v2_3M/id=31acc_00000-seed=9479/paper_rep/combined_transitions.npy'), ('pool_load_max_size', 101000), ('rollout_length', 5), ('penalty_coeff', 1.0), ('n_epochs', 500), ('n_initial_exploration_steps', 5000), ('reparameterize', True), ('lr', 0.0003), ('target_update_interval', 1), ('store_extra_policy_info', False), ('action_prior', 'uniform')])), ('domain', 'HalfCheetah'), ('task', 'v2'), ('exp_name', 'halfcheetah_mixed_capabilities')]), 'replay_pool_params': {'type': 'SimpleReplayPool', 'kwargs': {'max_size': 1000000}}, 'sampler_params': {'type': 'SimpleSampler', 'kwargs': {'max_path_length': 1000, 'min_pool_size': 1000, 'batch_size': 256}}, 'run_params': {'seed': 1443, 'checkpoint_at_end': True, 'checkpoint_frequency': 10, 'checkpoint_replay_pool': False}, 'restore': None}",4390.750924825668,0,16
312.87548828125,68.39694213867188,89.22161865234375,0.7675192356109619,-0.07829993218183517,1.2615599632263184,-0.5821900963783264,0.13761816918849945,-2.9212355613708496,3.094024419784546,-0.07642004638910294,1.3781980276107788,-0.053244635462760925,0.7683058977127075,-0.33539296388626105,-0.5398017978668215,-0.5337106917524339,-0.5398017883300782,0.4483737182617188,-0.0011061837035343872,-5.547788638204931e-09,0.036031983227507204,1.1696525033244587e-09,2.909676671216874,1000.0,1000,1000,0.0,-497.67877197265625,-309.2513122558594,-554.315673828125,67.20891571044922,1.2230011634528637e-06,3.364597796462476e-05,14.189345746010076,0.004117648990359157,11.448010986001464,0.0018107747309841216,0.0034326183958910406,13.656982668937417,0,0,-inf,101000,0,5.0,0.19982299208641052,16,1000,17000,17000,False,,17,49ff5728868845ada23a8637424276f6,2022-05-18_18-38-17,1652895497,39.323506593704224,4430.074431419373,99492,cpu-q-269,10.43.77.45,"{'environment_params': {'training': {'domain': 'HalfCheetah', 'task': 'v2', 'universe': 'gym', 'kwargs': {}}, 'evaluation': {'domain': 'HalfCheetah', 'task': 'v2', 'universe': 'gym', 'kwargs': {}}}, 'policy_params': {'type': 'GaussianPolicy', 'kwargs': {'hidden_layer_sizes': (256, 256), 'squash': True}}, 'Q_params': {'type': 'double_feedforward_Q_function', 'kwargs': {'hidden_layer_sizes': (256, 256)}}, 'algorithm_params': OrderedDict([('type', 'MOPO'), ('universe', 'gym'), ('log_dir', './ray_mopo/'), ('kwargs', OrderedDict([('epoch_length', 1000), ('train_every_n_steps', 1), ('n_train_repeat', 1), ('eval_render_mode', None), ('eval_n_episodes', 10), ('eval_deterministic', True), ('discount', 0.99), ('tau', 0.005), ('reward_scale', 1.0), ('model_train_freq', 1000), ('model_retain_epochs', 5), ('rollout_batch_size', 50000.0), ('deterministic', False), ('num_networks', 7), ('num_elites', 5), ('real_ratio', 0.05), ('target_entropy', -3), ('max_model_t', None), ('separate_mean_var', True), ('penalty_learned_var', True), ('pool_load_path', '/home/ajc348/rds/hpc-work/mopo/rollouts/softlearning/HalfCheetah/v2/2022-05-17T18-38-36-half_cheetah_v2_3M/id=31acc_00000-seed=9479/paper_rep/combined_transitions.npy'), ('pool_load_max_size', 101000), ('rollout_length', 5), ('penalty_coeff', 1.0), ('n_epochs', 500), ('n_initial_exploration_steps', 5000), ('reparameterize', True), ('lr', 0.0003), ('target_update_interval', 1), ('store_extra_policy_info', False), ('action_prior', 'uniform')])), ('domain', 'HalfCheetah'), ('task', 'v2'), ('exp_name', 'halfcheetah_mixed_capabilities')]), 'replay_pool_params': {'type': 'SimpleReplayPool', 'kwargs': {'max_size': 1000000}}, 'sampler_params': {'type': 'SimpleSampler', 'kwargs': {'max_path_length': 1000, 'min_pool_size': 1000, 'batch_size': 256}}, 'run_params': {'seed': 1443, 'checkpoint_at_end': True, 'checkpoint_frequency': 10, 'checkpoint_replay_pool': False}, 'restore': None}",4430.074431419373,0,17
316.3839111328125,54.66617965698242,31.211238861083984,0.7728654146194458,-0.14548248052597046,1.2457609176635742,-0.5805709958076477,0.14346235990524292,-2.894829034805298,3.0094947814941406,-0.16840232908725739,1.339411973953247,-0.09496914595365524,0.7550130486488342,-0.3411125302314758,-0.49692530632019044,-0.4967264488655328,-0.500363290309906,0.47428137838840484,0.04876973350549621,0.01370315727968513,0.009916433055193125,0.0062175838481598016,3.500491696613433,1000.0,1000,1000,0.0,-486.81005859375,-349.79718017578125,-538.87158203125,52.65207290649414,1.2990203686058521e-06,3.0027003958821297e-05,14.183353753003757,0.0042716840107459575,11.495266140991589,0.0019130988221149892,0.0034875957935582846,13.791594274662202,0,0,-inf,101000,0,5.0,0.19982299208641052,17,1000,18000,18000,False,,18,49ff5728868845ada23a8637424276f6,2022-05-18_18-38-57,1652895537,39.50091481208801,4469.575346231461,99492,cpu-q-269,10.43.77.45,"{'environment_params': {'training': {'domain': 'HalfCheetah', 'task': 'v2', 'universe': 'gym', 'kwargs': {}}, 'evaluation': {'domain': 'HalfCheetah', 'task': 'v2', 'universe': 'gym', 'kwargs': {}}}, 'policy_params': {'type': 'GaussianPolicy', 'kwargs': {'hidden_layer_sizes': (256, 256), 'squash': True}}, 'Q_params': {'type': 'double_feedforward_Q_function', 'kwargs': {'hidden_layer_sizes': (256, 256)}}, 'algorithm_params': OrderedDict([('type', 'MOPO'), ('universe', 'gym'), ('log_dir', './ray_mopo/'), ('kwargs', OrderedDict([('epoch_length', 1000), ('train_every_n_steps', 1), ('n_train_repeat', 1), ('eval_render_mode', None), ('eval_n_episodes', 10), ('eval_deterministic', True), ('discount', 0.99), ('tau', 0.005), ('reward_scale', 1.0), ('model_train_freq', 1000), ('model_retain_epochs', 5), ('rollout_batch_size', 50000.0), ('deterministic', False), ('num_networks', 7), ('num_elites', 5), ('real_ratio', 0.05), ('target_entropy', -3), ('max_model_t', None), ('separate_mean_var', True), ('penalty_learned_var', True), ('pool_load_path', '/home/ajc348/rds/hpc-work/mopo/rollouts/softlearning/HalfCheetah/v2/2022-05-17T18-38-36-half_cheetah_v2_3M/id=31acc_00000-seed=9479/paper_rep/combined_transitions.npy'), ('pool_load_max_size', 101000), ('rollout_length', 5), ('penalty_coeff', 1.0), ('n_epochs', 500), ('n_initial_exploration_steps', 5000), ('reparameterize', True), ('lr', 0.0003), ('target_update_interval', 1), ('store_extra_policy_info', False), ('action_prior', 'uniform')])), ('domain', 'HalfCheetah'), ('task', 'v2'), ('exp_name', 'halfcheetah_mixed_capabilities')]), 'replay_pool_params': {'type': 'SimpleReplayPool', 'kwargs': {'max_size': 1000000}}, 'sampler_params': {'type': 'SimpleSampler', 'kwargs': {'max_path_length': 1000, 'min_pool_size': 1000, 'batch_size': 256}}, 'run_params': {'seed': 1443, 'checkpoint_at_end': True, 'checkpoint_frequency': 10, 'checkpoint_replay_pool': False}, 'restore': None}",4469.575346231461,0,18
309.6898498535156,53.670005798339844,41.5609016418457,0.7928524613380432,-0.1382235735654831,1.2541998624801636,-0.5896901488304138,0.1453259289264679,-3.1919074058532715,3.266447067260742,-0.13903601467609406,1.3833353519439697,-0.08513379096984863,0.763886570930481,-0.32793119430541995,-0.5317341566085816,-0.5318842823287845,-0.5328934812545777,0.45673050314188,-0.057676989460976394,0.024864070886635628,0.00560262967571309,0.01338918547453774,2.6545222161434987,1000.0,1000,1000,0.0,-526.2816162109375,-498.3832092285156,-550.554931640625,16.903486251831055,1.234002411365509e-06,2.717701136134565e-05,14.280006241984665,0.004132958012633026,11.561589444987476,0.0020489184535108507,0.0037041371688246727,13.933247120003216,0,0,-inf,101000,0,5.0,0.19982299208641052,18,1000,19000,19000,False,,19,49ff5728868845ada23a8637424276f6,2022-05-18_18-39-37,1652895577,39.80629777908325,4509.381644010544,99492,cpu-q-269,10.43.77.45,"{'environment_params': {'training': {'domain': 'HalfCheetah', 'task': 'v2', 'universe': 'gym', 'kwargs': {}}, 'evaluation': {'domain': 'HalfCheetah', 'task': 'v2', 'universe': 'gym', 'kwargs': {}}}, 'policy_params': {'type': 'GaussianPolicy', 'kwargs': {'hidden_layer_sizes': (256, 256), 'squash': True}}, 'Q_params': {'type': 'double_feedforward_Q_function', 'kwargs': {'hidden_layer_sizes': (256, 256)}}, 'algorithm_params': OrderedDict([('type', 'MOPO'), ('universe', 'gym'), ('log_dir', './ray_mopo/'), ('kwargs', OrderedDict([('epoch_length', 1000), ('train_every_n_steps', 1), ('n_train_repeat', 1), ('eval_render_mode', None), ('eval_n_episodes', 10), ('eval_deterministic', True), ('discount', 0.99), ('tau', 0.005), ('reward_scale', 1.0), ('model_train_freq', 1000), ('model_retain_epochs', 5), ('rollout_batch_size', 50000.0), ('deterministic', False), ('num_networks', 7), ('num_elites', 5), ('real_ratio', 0.05), ('target_entropy', -3), ('max_model_t', None), ('separate_mean_var', True), ('penalty_learned_var', True), ('pool_load_path', '/home/ajc348/rds/hpc-work/mopo/rollouts/softlearning/HalfCheetah/v2/2022-05-17T18-38-36-half_cheetah_v2_3M/id=31acc_00000-seed=9479/paper_rep/combined_transitions.npy'), ('pool_load_max_size', 101000), ('rollout_length', 5), ('penalty_coeff', 1.0), ('n_epochs', 500), ('n_initial_exploration_steps', 5000), ('reparameterize', True), ('lr', 0.0003), ('target_update_interval', 1), ('store_extra_policy_info', False), ('action_prior', 'uniform')])), ('domain', 'HalfCheetah'), ('task', 'v2'), ('exp_name', 'halfcheetah_mixed_capabilities')]), 'replay_pool_params': {'type': 'SimpleReplayPool', 'kwargs': {'max_size': 1000000}}, 'sampler_params': {'type': 'SimpleSampler', 'kwargs': {'max_path_length': 1000, 'min_pool_size': 1000, 'batch_size': 256}}, 'run_params': {'seed': 1443, 'checkpoint_at_end': True, 'checkpoint_frequency': 10, 'checkpoint_replay_pool': False}, 'restore': None}",4509.381644010544,0,19
303.749267578125,64.92245483398438,51.23371124267578,0.8161765336990356,-0.10789138823747635,1.235929012298584,-0.5913903713226318,0.17323362827301025,-2.678877830505371,3.030451536178589,-0.1336006224155426,1.3372479677200317,-0.07966376096010208,0.7540374398231506,-0.31890939235687255,-0.5304747152328491,-0.527519735968709,-0.5304162287712098,0.45807672083377843,0.0785312859297415,0.005625669214613993,0.0013384401834657961,0.0060272730599396085,2.998663964925693,1000.0,1000,1000,0.0,-526.1813354492188,-489.6807556152344,-550.7025146484375,15.844939231872559,1.2649979908019304e-06,2.87870061583817e-05,14.27265842599445,0.00447483200696297,11.424576288991375,0.0019468264654278755,0.003579940152121708,13.859918584174011,0,0,-inf,101000,0,5.0,0.19982299208641052,19,1000,20000,20000,False,,20,49ff5728868845ada23a8637424276f6,2022-05-18_18-40-16,1652895616,39.58854818344116,4548.970192193985,99492,cpu-q-269,10.43.77.45,"{'environment_params': {'training': {'domain': 'HalfCheetah', 'task': 'v2', 'universe': 'gym', 'kwargs': {}}, 'evaluation': {'domain': 'HalfCheetah', 'task': 'v2', 'universe': 'gym', 'kwargs': {}}}, 'policy_params': {'type': 'GaussianPolicy', 'kwargs': {'hidden_layer_sizes': (256, 256), 'squash': True}}, 'Q_params': {'type': 'double_feedforward_Q_function', 'kwargs': {'hidden_layer_sizes': (256, 256)}}, 'algorithm_params': OrderedDict([('type', 'MOPO'), ('universe', 'gym'), ('log_dir', './ray_mopo/'), ('kwargs', OrderedDict([('epoch_length', 1000), ('train_every_n_steps', 1), ('n_train_repeat', 1), ('eval_render_mode', None), ('eval_n_episodes', 10), ('eval_deterministic', True), ('discount', 0.99), ('tau', 0.005), ('reward_scale', 1.0), ('model_train_freq', 1000), ('model_retain_epochs', 5), ('rollout_batch_size', 50000.0), ('deterministic', False), ('num_networks', 7), ('num_elites', 5), ('real_ratio', 0.05), ('target_entropy', -3), ('max_model_t', None), ('separate_mean_var', True), ('penalty_learned_var', True), ('pool_load_path', '/home/ajc348/rds/hpc-work/mopo/rollouts/softlearning/HalfCheetah/v2/2022-05-17T18-38-36-half_cheetah_v2_3M/id=31acc_00000-seed=9479/paper_rep/combined_transitions.npy'), ('pool_load_max_size', 101000), ('rollout_length', 5), ('penalty_coeff', 1.0), ('n_epochs', 500), ('n_initial_exploration_steps', 5000), ('reparameterize', True), ('lr', 0.0003), ('target_update_interval', 1), ('store_extra_policy_info', False), ('action_prior', 'uniform')])), ('domain', 'HalfCheetah'), ('task', 'v2'), ('exp_name', 'halfcheetah_mixed_capabilities')]), 'replay_pool_params': {'type': 'SimpleReplayPool', 'kwargs': {'max_size': 1000000}}, 'sampler_params': {'type': 'SimpleSampler', 'kwargs': {'max_path_length': 1000, 'min_pool_size': 1000, 'batch_size': 256}}, 'run_params': {'seed': 1443, 'checkpoint_at_end': True, 'checkpoint_frequency': 10, 'checkpoint_replay_pool': False}, 'restore': None}",4548.970192193985,0,20
301.974365234375,60.70291519165039,46.03788375854492,0.8205852508544922,-0.17869026958942413,1.2274640798568726,-0.6420125365257263,0.1923922300338745,-3.090208053588867,3.193504571914673,-0.1834631711244583,1.3244531154632568,-0.09112010151147842,0.753236711025238,-0.3138506424427033,-0.5203476762771606,-0.5174413706564903,-0.5242068266868591,0.42668525218963627,0.06506051766212183,-0.06710274870257303,-0.039879786907303226,-0.0486914479569035,3.0392385648706535,1000.0,1000,1000,0.0,-557.3211669921875,-470.3498229980469,-722.9378662109375,86.24398803710938,1.1750089470297098e-06,4.0264014387503266e-05,14.379069674003404,0.004524521995335817,11.45102892300929,0.0017833688762038946,0.0033224362996406853,13.552035030152183,0,0,-inf,101000,0,5.0,0.19982299208641052,20,1000,21000,21000,False,,21,49ff5728868845ada23a8637424276f6,2022-05-18_18-40-57,1652895657,39.41167688369751,4588.3818690776825,99492,cpu-q-269,10.43.77.45,"{'environment_params': {'training': {'domain': 'HalfCheetah', 'task': 'v2', 'universe': 'gym', 'kwargs': {}}, 'evaluation': {'domain': 'HalfCheetah', 'task': 'v2', 'universe': 'gym', 'kwargs': {}}}, 'policy_params': {'type': 'GaussianPolicy', 'kwargs': {'hidden_layer_sizes': (256, 256), 'squash': True}}, 'Q_params': {'type': 'double_feedforward_Q_function', 'kwargs': {'hidden_layer_sizes': (256, 256)}}, 'algorithm_params': OrderedDict([('type', 'MOPO'), ('universe', 'gym'), ('log_dir', './ray_mopo/'), ('kwargs', OrderedDict([('epoch_length', 1000), ('train_every_n_steps', 1), ('n_train_repeat', 1), ('eval_render_mode', None), ('eval_n_episodes', 10), ('eval_deterministic', True), ('discount', 0.99), ('tau', 0.005), ('reward_scale', 1.0), ('model_train_freq', 1000), ('model_retain_epochs', 5), ('rollout_batch_size', 50000.0), ('deterministic', False), ('num_networks', 7), ('num_elites', 5), ('real_ratio', 0.05), ('target_entropy', -3), ('max_model_t', None), ('separate_mean_var', True), ('penalty_learned_var', True), ('pool_load_path', '/home/ajc348/rds/hpc-work/mopo/rollouts/softlearning/HalfCheetah/v2/2022-05-17T18-38-36-half_cheetah_v2_3M/id=31acc_00000-seed=9479/paper_rep/combined_transitions.npy'), ('pool_load_max_size', 101000), ('rollout_length', 5), ('penalty_coeff', 1.0), ('n_epochs', 500), ('n_initial_exploration_steps', 5000), ('reparameterize', True), ('lr', 0.0003), ('target_update_interval', 1), ('store_extra_policy_info', False), ('action_prior', 'uniform')])), ('domain', 'HalfCheetah'), ('task', 'v2'), ('exp_name', 'halfcheetah_mixed_capabilities')]), 'replay_pool_params': {'type': 'SimpleReplayPool', 'kwargs': {'max_size': 1000000}}, 'sampler_params': {'type': 'SimpleSampler', 'kwargs': {'max_path_length': 1000, 'min_pool_size': 1000, 'batch_size': 256}}, 'run_params': {'seed': 1443, 'checkpoint_at_end': True, 'checkpoint_frequency': 10, 'checkpoint_replay_pool': False}, 'restore': None}",4588.3818690776825,0,21
298.99298095703125,56.27083969116211,45.74589157104492,0.854292094707489,-0.16692696511745453,1.2262351512908936,-0.6217142939567566,0.19588857889175415,-3.0439820289611816,2.927661657333374,-0.1620856672525406,1.3417377471923828,-0.09410110861063004,0.7612802982330322,-0.23739602804183962,-0.5359920787811279,-0.5294852717745304,-0.5337618255615235,0.4062563872337341,-0.10214774349871425,-0.028360019526509128,-0.07722013007169905,-0.0981854805071184,2.7687011531447205,1000.0,1000,1000,0.0,-606.7053833007812,-473.6680908203125,-735.9649658203125,102.42549896240234,1.380016328766942e-06,2.5582005036994815e-05,14.149768044007942,0.004040047992020845,11.33005350700114,0.0017317580932285637,0.0033245187951251864,13.499213364033494,0,0,-inf,101000,0,5.0,0.19982299208641052,21,1000,22000,22000,False,,22,49ff5728868845ada23a8637424276f6,2022-05-18_18-41-36,1652895696,39.00772047042847,4627.389589548111,99492,cpu-q-269,10.43.77.45,"{'environment_params': {'training': {'domain': 'HalfCheetah', 'task': 'v2', 'universe': 'gym', 'kwargs': {}}, 'evaluation': {'domain': 'HalfCheetah', 'task': 'v2', 'universe': 'gym', 'kwargs': {}}}, 'policy_params': {'type': 'GaussianPolicy', 'kwargs': {'hidden_layer_sizes': (256, 256), 'squash': True}}, 'Q_params': {'type': 'double_feedforward_Q_function', 'kwargs': {'hidden_layer_sizes': (256, 256)}}, 'algorithm_params': OrderedDict([('type', 'MOPO'), ('universe', 'gym'), ('log_dir', './ray_mopo/'), ('kwargs', OrderedDict([('epoch_length', 1000), ('train_every_n_steps', 1), ('n_train_repeat', 1), ('eval_render_mode', None), ('eval_n_episodes', 10), ('eval_deterministic', True), ('discount', 0.99), ('tau', 0.005), ('reward_scale', 1.0), ('model_train_freq', 1000), ('model_retain_epochs', 5), ('rollout_batch_size', 50000.0), ('deterministic', False), ('num_networks', 7), ('num_elites', 5), ('real_ratio', 0.05), ('target_entropy', -3), ('max_model_t', None), ('separate_mean_var', True), ('penalty_learned_var', True), ('pool_load_path', '/home/ajc348/rds/hpc-work/mopo/rollouts/softlearning/HalfCheetah/v2/2022-05-17T18-38-36-half_cheetah_v2_3M/id=31acc_00000-seed=9479/paper_rep/combined_transitions.npy'), ('pool_load_max_size', 101000), ('rollout_length', 5), ('penalty_coeff', 1.0), ('n_epochs', 500), ('n_initial_exploration_steps', 5000), ('reparameterize', True), ('lr', 0.0003), ('target_update_interval', 1), ('store_extra_policy_info', False), ('action_prior', 'uniform')])), ('domain', 'HalfCheetah'), ('task', 'v2'), ('exp_name', 'halfcheetah_mixed_capabilities')]), 'replay_pool_params': {'type': 'SimpleReplayPool', 'kwargs': {'max_size': 1000000}}, 'sampler_params': {'type': 'SimpleSampler', 'kwargs': {'max_path_length': 1000, 'min_pool_size': 1000, 'batch_size': 256}}, 'run_params': {'seed': 1443, 'checkpoint_at_end': True, 'checkpoint_frequency': 10, 'checkpoint_replay_pool': False}, 'restore': None}",4627.389589548111,0,22
299.4088134765625,60.338722229003906,59.032955169677734,0.8595856428146362,-0.15616561472415924,1.2173798084259033,-0.6245641708374023,0.200571209192276,-3.0181543827056885,3.31309175491333,-0.18654470145702362,1.3537483215332031,-0.099836565554142,0.7575708031654358,-0.22959678053855895,-0.45937191009521483,-0.45671402202486994,-0.4496120357513428,0.40494034051895145,-0.10288091368914942,-0.027081006302445032,-0.023923492136852607,0.005205424006796883,2.776626279242822,1000.0,1000,1000,0.0,-480.637451171875,-418.29888916015625,-547.2257080078125,43.57391357421875,1.161010004580021e-06,3.0011986382305622e-05,14.052033265004866,0.0037953480205032974,11.220566902018618,0.0016712963406462222,0.0032449832069687545,13.387174411938759,0,0,-inf,101000,0,5.0,0.19982299208641052,22,1000,23000,23000,False,,23,49ff5728868845ada23a8637424276f6,2022-05-18_18-42-15,1652895735,38.68772888183594,4666.077318429947,99492,cpu-q-269,10.43.77.45,"{'environment_params': {'training': {'domain': 'HalfCheetah', 'task': 'v2', 'universe': 'gym', 'kwargs': {}}, 'evaluation': {'domain': 'HalfCheetah', 'task': 'v2', 'universe': 'gym', 'kwargs': {}}}, 'policy_params': {'type': 'GaussianPolicy', 'kwargs': {'hidden_layer_sizes': (256, 256), 'squash': True}}, 'Q_params': {'type': 'double_feedforward_Q_function', 'kwargs': {'hidden_layer_sizes': (256, 256)}}, 'algorithm_params': OrderedDict([('type', 'MOPO'), ('universe', 'gym'), ('log_dir', './ray_mopo/'), ('kwargs', OrderedDict([('epoch_length', 1000), ('train_every_n_steps', 1), ('n_train_repeat', 1), ('eval_render_mode', None), ('eval_n_episodes', 10), ('eval_deterministic', True), ('discount', 0.99), ('tau', 0.005), ('reward_scale', 1.0), ('model_train_freq', 1000), ('model_retain_epochs', 5), ('rollout_batch_size', 50000.0), ('deterministic', False), ('num_networks', 7), ('num_elites', 5), ('real_ratio', 0.05), ('target_entropy', -3), ('max_model_t', None), ('separate_mean_var', True), ('penalty_learned_var', True), ('pool_load_path', '/home/ajc348/rds/hpc-work/mopo/rollouts/softlearning/HalfCheetah/v2/2022-05-17T18-38-36-half_cheetah_v2_3M/id=31acc_00000-seed=9479/paper_rep/combined_transitions.npy'), ('pool_load_max_size', 101000), ('rollout_length', 5), ('penalty_coeff', 1.0), ('n_epochs', 500), ('n_initial_exploration_steps', 5000), ('reparameterize', True), ('lr', 0.0003), ('target_update_interval', 1), ('store_extra_policy_info', False), ('action_prior', 'uniform')])), ('domain', 'HalfCheetah'), ('task', 'v2'), ('exp_name', 'halfcheetah_mixed_capabilities')]), 'replay_pool_params': {'type': 'SimpleReplayPool', 'kwargs': {'max_size': 1000000}}, 'sampler_params': {'type': 'SimpleSampler', 'kwargs': {'max_path_length': 1000, 'min_pool_size': 1000, 'batch_size': 256}}, 'run_params': {'seed': 1443, 'checkpoint_at_end': True, 'checkpoint_frequency': 10, 'checkpoint_replay_pool': False}, 'restore': None}",4666.077318429947,0,23
289.44171142578125,67.8540267944336,57.42578125,0.8757205605506897,-0.1863398402929306,1.2222695350646973,-0.6297969222068787,0.1940779685974121,-3.053231716156006,2.832322597503662,-0.1904211789369583,1.318879246711731,-0.1147889569401741,0.7469274997711182,-0.20714134454727176,-0.5219938802719116,-0.5174555016744137,-0.5219938945770263,0.4324639141559601,-0.071517021852691,8.123047692820684e-09,0.011897874477061284,2.6912093387121416e-10,2.911097763165354,1000.0,1000,1000,0.0,-505.5576171875,-435.11492919921875,-586.1480712890625,51.36288070678711,1.2170057743787766e-06,2.50810116995126e-05,14.051289933006046,0.004014028992969543,11.32099546000245,0.0017080549441743642,0.0032955748902168125,13.433669628895586,0,0,-inf,101000,0,5.0,0.19982299208641052,23,1000,24000,24000,False,,24,49ff5728868845ada23a8637424276f6,2022-05-18_18-42-53,1652895773,38.83395290374756,4704.9112713336945,99492,cpu-q-269,10.43.77.45,"{'environment_params': {'training': {'domain': 'HalfCheetah', 'task': 'v2', 'universe': 'gym', 'kwargs': {}}, 'evaluation': {'domain': 'HalfCheetah', 'task': 'v2', 'universe': 'gym', 'kwargs': {}}}, 'policy_params': {'type': 'GaussianPolicy', 'kwargs': {'hidden_layer_sizes': (256, 256), 'squash': True}}, 'Q_params': {'type': 'double_feedforward_Q_function', 'kwargs': {'hidden_layer_sizes': (256, 256)}}, 'algorithm_params': OrderedDict([('type', 'MOPO'), ('universe', 'gym'), ('log_dir', './ray_mopo/'), ('kwargs', OrderedDict([('epoch_length', 1000), ('train_every_n_steps', 1), ('n_train_repeat', 1), ('eval_render_mode', None), ('eval_n_episodes', 10), ('eval_deterministic', True), ('discount', 0.99), ('tau', 0.005), ('reward_scale', 1.0), ('model_train_freq', 1000), ('model_retain_epochs', 5), ('rollout_batch_size', 50000.0), ('deterministic', False), ('num_networks', 7), ('num_elites', 5), ('real_ratio', 0.05), ('target_entropy', -3), ('max_model_t', None), ('separate_mean_var', True), ('penalty_learned_var', True), ('pool_load_path', '/home/ajc348/rds/hpc-work/mopo/rollouts/softlearning/HalfCheetah/v2/2022-05-17T18-38-36-half_cheetah_v2_3M/id=31acc_00000-seed=9479/paper_rep/combined_transitions.npy'), ('pool_load_max_size', 101000), ('rollout_length', 5), ('penalty_coeff', 1.0), ('n_epochs', 500), ('n_initial_exploration_steps', 5000), ('reparameterize', True), ('lr', 0.0003), ('target_update_interval', 1), ('store_extra_policy_info', False), ('action_prior', 'uniform')])), ('domain', 'HalfCheetah'), ('task', 'v2'), ('exp_name', 'halfcheetah_mixed_capabilities')]), 'replay_pool_params': {'type': 'SimpleReplayPool', 'kwargs': {'max_size': 1000000}}, 'sampler_params': {'type': 'SimpleSampler', 'kwargs': {'max_path_length': 1000, 'min_pool_size': 1000, 'batch_size': 256}}, 'run_params': {'seed': 1443, 'checkpoint_at_end': True, 'checkpoint_frequency': 10, 'checkpoint_replay_pool': False}, 'restore': None}",4704.9112713336945,0,24
285.4495544433594,70.1237564086914,44.90013885498047,0.9127217531204224,-0.13730697333812714,1.2225204706192017,-0.6121181845664978,0.1942516416311264,-2.8773913383483887,3.0524675846099854,-0.1564471572637558,1.3261313438415527,-0.09247545152902603,0.7527889013290405,-0.21788288831710814,-0.49135877132415773,-0.4865858404260873,-0.4913587665557862,0.43236338973045346,0.04088490040096797,1.4693830818757192e-08,0.02110296366848906,5.861156449071814e-09,3.210091350083732,1000.0,1000,1000,0.0,-465.4828186035156,-425.45526123046875,-492.02734375,21.86492347717285,1.2399978004395962e-06,2.641900209710002e-05,14.03737540601287,0.0039920379931572825,11.310598498996114,0.0016809966182336211,0.0032454611791763455,13.456876969808945,0,0,-inf,101000,0,5.0,0.19982299208641052,24,1000,25000,25000,False,,25,49ff5728868845ada23a8637424276f6,2022-05-18_18-43-32,1652895812,38.8326358795166,4743.743907213211,99492,cpu-q-269,10.43.77.45,"{'environment_params': {'training': {'domain': 'HalfCheetah', 'task': 'v2', 'universe': 'gym', 'kwargs': {}}, 'evaluation': {'domain': 'HalfCheetah', 'task': 'v2', 'universe': 'gym', 'kwargs': {}}}, 'policy_params': {'type': 'GaussianPolicy', 'kwargs': {'hidden_layer_sizes': (256, 256), 'squash': True}}, 'Q_params': {'type': 'double_feedforward_Q_function', 'kwargs': {'hidden_layer_sizes': (256, 256)}}, 'algorithm_params': OrderedDict([('type', 'MOPO'), ('universe', 'gym'), ('log_dir', './ray_mopo/'), ('kwargs', OrderedDict([('epoch_length', 1000), ('train_every_n_steps', 1), ('n_train_repeat', 1), ('eval_render_mode', None), ('eval_n_episodes', 10), ('eval_deterministic', True), ('discount', 0.99), ('tau', 0.005), ('reward_scale', 1.0), ('model_train_freq', 1000), ('model_retain_epochs', 5), ('rollout_batch_size', 50000.0), ('deterministic', False), ('num_networks', 7), ('num_elites', 5), ('real_ratio', 0.05), ('target_entropy', -3), ('max_model_t', None), ('separate_mean_var', True), ('penalty_learned_var', True), ('pool_load_path', '/home/ajc348/rds/hpc-work/mopo/rollouts/softlearning/HalfCheetah/v2/2022-05-17T18-38-36-half_cheetah_v2_3M/id=31acc_00000-seed=9479/paper_rep/combined_transitions.npy'), ('pool_load_max_size', 101000), ('rollout_length', 5), ('penalty_coeff', 1.0), ('n_epochs', 500), ('n_initial_exploration_steps', 5000), ('reparameterize', True), ('lr', 0.0003), ('target_update_interval', 1), ('store_extra_policy_info', False), ('action_prior', 'uniform')])), ('domain', 'HalfCheetah'), ('task', 'v2'), ('exp_name', 'halfcheetah_mixed_capabilities')]), 'replay_pool_params': {'type': 'SimpleReplayPool', 'kwargs': {'max_size': 1000000}}, 'sampler_params': {'type': 'SimpleSampler', 'kwargs': {'max_path_length': 1000, 'min_pool_size': 1000, 'batch_size': 256}}, 'run_params': {'seed': 1443, 'checkpoint_at_end': True, 'checkpoint_frequency': 10, 'checkpoint_replay_pool': False}, 'restore': None}",4743.743907213211,0,25
290.37750244140625,62.765663146972656,74.24769592285156,0.9670887589454651,-0.13449512422084808,1.2394018173217773,-0.6129211783409119,0.1952199637889862,-3.161658763885498,3.0954983234405518,-0.14680115878582,1.3737537860870361,-0.08912520855665207,0.7631087899208069,-0.1533018052577972,-0.5033795213699341,-0.4999451988327503,-0.5033795166015625,0.45057294368743894,-0.08833441782855013,1.4535991299524653e-09,-0.0015062283514732083,-1.5617074300422473e-10,3.1051805481075063,1000.0,1000,1000,0.0,-501.451416015625,-463.82952880859375,-528.8973388671875,19.334182739257812,1.3220123946666718e-06,2.5546003598719835e-05,14.058432647987502,0.01605551000102423,11.313374533987371,0.0017231344245374203,0.003300339332781732,13.461098553350894,0,0,-inf,101000,0,5.0,0.19982299208641052,25,1000,26000,26000,False,,26,49ff5728868845ada23a8637424276f6,2022-05-18_18-44-11,1652895851,38.88730239868164,4782.631209611893,99492,cpu-q-269,10.43.77.45,"{'environment_params': {'training': {'domain': 'HalfCheetah', 'task': 'v2', 'universe': 'gym', 'kwargs': {}}, 'evaluation': {'domain': 'HalfCheetah', 'task': 'v2', 'universe': 'gym', 'kwargs': {}}}, 'policy_params': {'type': 'GaussianPolicy', 'kwargs': {'hidden_layer_sizes': (256, 256), 'squash': True}}, 'Q_params': {'type': 'double_feedforward_Q_function', 'kwargs': {'hidden_layer_sizes': (256, 256)}}, 'algorithm_params': OrderedDict([('type', 'MOPO'), ('universe', 'gym'), ('log_dir', './ray_mopo/'), ('kwargs', OrderedDict([('epoch_length', 1000), ('train_every_n_steps', 1), ('n_train_repeat', 1), ('eval_render_mode', None), ('eval_n_episodes', 10), ('eval_deterministic', True), ('discount', 0.99), ('tau', 0.005), ('reward_scale', 1.0), ('model_train_freq', 1000), ('model_retain_epochs', 5), ('rollout_batch_size', 50000.0), ('deterministic', False), ('num_networks', 7), ('num_elites', 5), ('real_ratio', 0.05), ('target_entropy', -3), ('max_model_t', None), ('separate_mean_var', True), ('penalty_learned_var', True), ('pool_load_path', '/home/ajc348/rds/hpc-work/mopo/rollouts/softlearning/HalfCheetah/v2/2022-05-17T18-38-36-half_cheetah_v2_3M/id=31acc_00000-seed=9479/paper_rep/combined_transitions.npy'), ('pool_load_max_size', 101000), ('rollout_length', 5), ('penalty_coeff', 1.0), ('n_epochs', 500), ('n_initial_exploration_steps', 5000), ('reparameterize', True), ('lr', 0.0003), ('target_update_interval', 1), ('store_extra_policy_info', False), ('action_prior', 'uniform')])), ('domain', 'HalfCheetah'), ('task', 'v2'), ('exp_name', 'halfcheetah_mixed_capabilities')]), 'replay_pool_params': {'type': 'SimpleReplayPool', 'kwargs': {'max_size': 1000000}}, 'sampler_params': {'type': 'SimpleSampler', 'kwargs': {'max_path_length': 1000, 'min_pool_size': 1000, 'batch_size': 256}}, 'run_params': {'seed': 1443, 'checkpoint_at_end': True, 'checkpoint_frequency': 10, 'checkpoint_replay_pool': False}, 'restore': None}",4782.631209611893,0,26
286.99957275390625,66.56868743896484,65.89495086669922,0.978075385093689,-0.17462921142578125,1.229002594947815,-0.6355183124542236,0.20011046528816223,-3.243767261505127,3.249335527420044,-0.18156404793262482,1.343664288520813,-0.09888789802789688,0.7635352611541748,-0.1879330885410309,-0.5506493663787843,-0.533926847615838,-0.5506493616104127,0.45135519802570345,-0.03168301856545666,-9.515910281976403e-11,0.2067504822260598,9.848599713535577e-10,3.657524657419068,1000.0,1000,1000,0.0,-327.17633056640625,1275.378662109375,-544.9944458007812,534.8743286132812,1.186999725177884e-06,2.8039008611813188e-05,14.096956513007171,0.003907058999175206,11.351651414006483,0.0016535580216441303,0.0032584099972154945,13.436611965007614,0,0,-inf,101000,0,5.0,0.19982299208641052,26,1000,27000,27000,False,,27,49ff5728868845ada23a8637424276f6,2022-05-18_18-44-50,1652895890,38.91344881057739,4821.54465842247,99492,cpu-q-269,10.43.77.45,"{'environment_params': {'training': {'domain': 'HalfCheetah', 'task': 'v2', 'universe': 'gym', 'kwargs': {}}, 'evaluation': {'domain': 'HalfCheetah', 'task': 'v2', 'universe': 'gym', 'kwargs': {}}}, 'policy_params': {'type': 'GaussianPolicy', 'kwargs': {'hidden_layer_sizes': (256, 256), 'squash': True}}, 'Q_params': {'type': 'double_feedforward_Q_function', 'kwargs': {'hidden_layer_sizes': (256, 256)}}, 'algorithm_params': OrderedDict([('type', 'MOPO'), ('universe', 'gym'), ('log_dir', './ray_mopo/'), ('kwargs', OrderedDict([('epoch_length', 1000), ('train_every_n_steps', 1), ('n_train_repeat', 1), ('eval_render_mode', None), ('eval_n_episodes', 10), ('eval_deterministic', True), ('discount', 0.99), ('tau', 0.005), ('reward_scale', 1.0), ('model_train_freq', 1000), ('model_retain_epochs', 5), ('rollout_batch_size', 50000.0), ('deterministic', False), ('num_networks', 7), ('num_elites', 5), ('real_ratio', 0.05), ('target_entropy', -3), ('max_model_t', None), ('separate_mean_var', True), ('penalty_learned_var', True), ('pool_load_path', '/home/ajc348/rds/hpc-work/mopo/rollouts/softlearning/HalfCheetah/v2/2022-05-17T18-38-36-half_cheetah_v2_3M/id=31acc_00000-seed=9479/paper_rep/combined_transitions.npy'), ('pool_load_max_size', 101000), ('rollout_length', 5), ('penalty_coeff', 1.0), ('n_epochs', 500), ('n_initial_exploration_steps', 5000), ('reparameterize', True), ('lr', 0.0003), ('target_update_interval', 1), ('store_extra_policy_info', False), ('action_prior', 'uniform')])), ('domain', 'HalfCheetah'), ('task', 'v2'), ('exp_name', 'halfcheetah_mixed_capabilities')]), 'replay_pool_params': {'type': 'SimpleReplayPool', 'kwargs': {'max_size': 1000000}}, 'sampler_params': {'type': 'SimpleSampler', 'kwargs': {'max_path_length': 1000, 'min_pool_size': 1000, 'batch_size': 256}}, 'run_params': {'seed': 1443, 'checkpoint_at_end': True, 'checkpoint_frequency': 10, 'checkpoint_replay_pool': False}, 'restore': None}",4821.54465842247,0,27
285.8938293457031,52.385765075683594,57.76624298095703,0.9824112057685852,-0.166128471493721,1.2045024633407593,-0.6296307444572449,0.1991986185312271,-2.8367083072662354,3.060410499572754,-0.15191681683063507,1.3368556499481201,-0.09056287258863449,0.7518343925476074,-0.15125699877738955,-0.548355574607849,-0.5345629413747787,-0.5483555507659912,0.48845272183418276,-0.18789154965683233,-6.644258476740106e-10,0.09402567874999138,4.302832257163658e-10,3.8579724901721213,1000.0,1000,1000,0.0,-440.5372619628906,-191.97145080566406,-534.6542358398438,105.7085952758789,1.2230011634528637e-06,2.663800842128694e-05,14.08458529599011,0.004117951000807807,11.379649733979022,0.0017054266936611384,0.003237955766962841,13.436836726497859,0,0,-inf,101000,0,5.0,0.19982299208641052,27,1000,28000,28000,False,,28,49ff5728868845ada23a8637424276f6,2022-05-18_18-45-29,1652895929,38.929346799850464,4860.474005222321,99492,cpu-q-269,10.43.77.45,"{'environment_params': {'training': {'domain': 'HalfCheetah', 'task': 'v2', 'universe': 'gym', 'kwargs': {}}, 'evaluation': {'domain': 'HalfCheetah', 'task': 'v2', 'universe': 'gym', 'kwargs': {}}}, 'policy_params': {'type': 'GaussianPolicy', 'kwargs': {'hidden_layer_sizes': (256, 256), 'squash': True}}, 'Q_params': {'type': 'double_feedforward_Q_function', 'kwargs': {'hidden_layer_sizes': (256, 256)}}, 'algorithm_params': OrderedDict([('type', 'MOPO'), ('universe', 'gym'), ('log_dir', './ray_mopo/'), ('kwargs', OrderedDict([('epoch_length', 1000), ('train_every_n_steps', 1), ('n_train_repeat', 1), ('eval_render_mode', None), ('eval_n_episodes', 10), ('eval_deterministic', True), ('discount', 0.99), ('tau', 0.005), ('reward_scale', 1.0), ('model_train_freq', 1000), ('model_retain_epochs', 5), ('rollout_batch_size', 50000.0), ('deterministic', False), ('num_networks', 7), ('num_elites', 5), ('real_ratio', 0.05), ('target_entropy', -3), ('max_model_t', None), ('separate_mean_var', True), ('penalty_learned_var', True), ('pool_load_path', '/home/ajc348/rds/hpc-work/mopo/rollouts/softlearning/HalfCheetah/v2/2022-05-17T18-38-36-half_cheetah_v2_3M/id=31acc_00000-seed=9479/paper_rep/combined_transitions.npy'), ('pool_load_max_size', 101000), ('rollout_length', 5), ('penalty_coeff', 1.0), ('n_epochs', 500), ('n_initial_exploration_steps', 5000), ('reparameterize', True), ('lr', 0.0003), ('target_update_interval', 1), ('store_extra_policy_info', False), ('action_prior', 'uniform')])), ('domain', 'HalfCheetah'), ('task', 'v2'), ('exp_name', 'halfcheetah_mixed_capabilities')]), 'replay_pool_params': {'type': 'SimpleReplayPool', 'kwargs': {'max_size': 1000000}}, 'sampler_params': {'type': 'SimpleSampler', 'kwargs': {'max_path_length': 1000, 'min_pool_size': 1000, 'batch_size': 256}}, 'run_params': {'seed': 1443, 'checkpoint_at_end': True, 'checkpoint_frequency': 10, 'checkpoint_replay_pool': False}, 'restore': None}",4860.474005222321,0,28
283.6659240722656,49.83058547973633,63.76543426513672,0.9704645276069641,-0.15470166504383087,1.2130006551742554,-0.638131320476532,0.21696344017982483,-3.040271759033203,3.1629364490509033,-0.1410871148109436,1.3336411714553833,-0.08590274304151535,0.7528137564659119,-0.20771764874458315,-0.5933853483200073,-0.58190403108716,-0.5933853483200073,0.4779655933380127,-0.0013559714898033314,1.4975387596649625e-09,0.04651550924208317,-1.8210810637242503e-10,3.4046400617340815,1000.0,1000,1000,0.0,-535.388427734375,-462.6055908203125,-575.7476806640625,39.94645690917969,1.2589734978973866e-06,2.5852990802377462e-05,14.09767500901944,0.003879219002556056,11.272459192987299,0.0016591365856584162,0.003232003131415695,13.45250862967805,0,0,-inf,101000,0,5.0,0.19982299208641052,28,1000,29000,29000,False,,29,49ff5728868845ada23a8637424276f6,2022-05-18_18-46-08,1652895968,38.85044598579407,4899.324451208115,99492,cpu-q-269,10.43.77.45,"{'environment_params': {'training': {'domain': 'HalfCheetah', 'task': 'v2', 'universe': 'gym', 'kwargs': {}}, 'evaluation': {'domain': 'HalfCheetah', 'task': 'v2', 'universe': 'gym', 'kwargs': {}}}, 'policy_params': {'type': 'GaussianPolicy', 'kwargs': {'hidden_layer_sizes': (256, 256), 'squash': True}}, 'Q_params': {'type': 'double_feedforward_Q_function', 'kwargs': {'hidden_layer_sizes': (256, 256)}}, 'algorithm_params': OrderedDict([('type', 'MOPO'), ('universe', 'gym'), ('log_dir', './ray_mopo/'), ('kwargs', OrderedDict([('epoch_length', 1000), ('train_every_n_steps', 1), ('n_train_repeat', 1), ('eval_render_mode', None), ('eval_n_episodes', 10), ('eval_deterministic', True), ('discount', 0.99), ('tau', 0.005), ('reward_scale', 1.0), ('model_train_freq', 1000), ('model_retain_epochs', 5), ('rollout_batch_size', 50000.0), ('deterministic', False), ('num_networks', 7), ('num_elites', 5), ('real_ratio', 0.05), ('target_entropy', -3), ('max_model_t', None), ('separate_mean_var', True), ('penalty_learned_var', True), ('pool_load_path', '/home/ajc348/rds/hpc-work/mopo/rollouts/softlearning/HalfCheetah/v2/2022-05-17T18-38-36-half_cheetah_v2_3M/id=31acc_00000-seed=9479/paper_rep/combined_transitions.npy'), ('pool_load_max_size', 101000), ('rollout_length', 5), ('penalty_coeff', 1.0), ('n_epochs', 500), ('n_initial_exploration_steps', 5000), ('reparameterize', True), ('lr', 0.0003), ('target_update_interval', 1), ('store_extra_policy_info', False), ('action_prior', 'uniform')])), ('domain', 'HalfCheetah'), ('task', 'v2'), ('exp_name', 'halfcheetah_mixed_capabilities')]), 'replay_pool_params': {'type': 'SimpleReplayPool', 'kwargs': {'max_size': 1000000}}, 'sampler_params': {'type': 'SimpleSampler', 'kwargs': {'max_path_length': 1000, 'min_pool_size': 1000, 'batch_size': 256}}, 'run_params': {'seed': 1443, 'checkpoint_at_end': True, 'checkpoint_frequency': 10, 'checkpoint_replay_pool': False}, 'restore': None}",4899.324451208115,0,29
270.86871337890625,70.27507019042969,69.89083862304688,0.9641782641410828,-0.15273380279541016,1.2347203493118286,-0.6331849098205566,0.20897695422172546,-3.1593568325042725,3.2657012939453125,-0.14778496325016022,1.361737847328186,-0.0961281880736351,0.7540406584739685,-0.2403651320934296,-0.4967634224891663,-0.48698359308660033,-0.49318407654762264,0.43961625635623935,0.03128595081755254,-0.005007431345789251,0.04706401788678605,0.0020090402405593816,3.345557888649734,1000.0,1000,1000,0.0,-439.9195251464844,-267.696044921875,-596.381591796875,106.10038757324219,1.207983586937189e-06,2.6572990464046597e-05,14.167203883989714,0.0039365109987556934,11.450602693017572,0.0019663523708004504,0.003551127592800185,13.804355897300411,0,0,-inf,101000,0,5.0,0.19982299208641052,29,1000,30000,30000,False,,30,49ff5728868845ada23a8637424276f6,2022-05-18_18-46-47,1652896007,39.452627420425415,4938.77707862854,99492,cpu-q-269,10.43.77.45,"{'environment_params': {'training': {'domain': 'HalfCheetah', 'task': 'v2', 'universe': 'gym', 'kwargs': {}}, 'evaluation': {'domain': 'HalfCheetah', 'task': 'v2', 'universe': 'gym', 'kwargs': {}}}, 'policy_params': {'type': 'GaussianPolicy', 'kwargs': {'hidden_layer_sizes': (256, 256), 'squash': True}}, 'Q_params': {'type': 'double_feedforward_Q_function', 'kwargs': {'hidden_layer_sizes': (256, 256)}}, 'algorithm_params': OrderedDict([('type', 'MOPO'), ('universe', 'gym'), ('log_dir', './ray_mopo/'), ('kwargs', OrderedDict([('epoch_length', 1000), ('train_every_n_steps', 1), ('n_train_repeat', 1), ('eval_render_mode', None), ('eval_n_episodes', 10), ('eval_deterministic', True), ('discount', 0.99), ('tau', 0.005), ('reward_scale', 1.0), ('model_train_freq', 1000), ('model_retain_epochs', 5), ('rollout_batch_size', 50000.0), ('deterministic', False), ('num_networks', 7), ('num_elites', 5), ('real_ratio', 0.05), ('target_entropy', -3), ('max_model_t', None), ('separate_mean_var', True), ('penalty_learned_var', True), ('pool_load_path', '/home/ajc348/rds/hpc-work/mopo/rollouts/softlearning/HalfCheetah/v2/2022-05-17T18-38-36-half_cheetah_v2_3M/id=31acc_00000-seed=9479/paper_rep/combined_transitions.npy'), ('pool_load_max_size', 101000), ('rollout_length', 5), ('penalty_coeff', 1.0), ('n_epochs', 500), ('n_initial_exploration_steps', 5000), ('reparameterize', True), ('lr', 0.0003), ('target_update_interval', 1), ('store_extra_policy_info', False), ('action_prior', 'uniform')])), ('domain', 'HalfCheetah'), ('task', 'v2'), ('exp_name', 'halfcheetah_mixed_capabilities')]), 'replay_pool_params': {'type': 'SimpleReplayPool', 'kwargs': {'max_size': 1000000}}, 'sampler_params': {'type': 'SimpleSampler', 'kwargs': {'max_path_length': 1000, 'min_pool_size': 1000, 'batch_size': 256}}, 'run_params': {'seed': 1443, 'checkpoint_at_end': True, 'checkpoint_frequency': 10, 'checkpoint_replay_pool': False}, 'restore': None}",4938.77707862854,0,30
